wideness,z,scaledValue
0.10804251669839900,-0.0019797508139163300,0
0.10818495819809200,-0.0019739079289138300,0
0.1080214400304250,-0.0020745734218508000,0
0.10837401912959900,-0.0020342424977570800,0
0.1091152159556170,-0.00195444468408823,0
0.1090806848400550,-0.0019902256317436700,0
0.11010292039298700,-0.002014909405261280,0
0.10995880288737200,-0.0025310791097581400,0
0.10996440083626900,-0.0020737850572913900,0
0.1113067906073890,0.00030218559550121400,0
0.11141290428770700,-0.0000014013073723617700,0
0.11466770354823200,-0.0003389946941751990,0
0.11975266424954600,-0.00010537517664488400,0
0.12331321275231700,0.00027937296545133000,0
0.12831652135614800,0.002189632738009100,0
0.134641386813543,0.007514288183301690,0
0.1351170757422890,0.007695410400629040,0
0.1380799053893680,0.009606342762708660,0
0.14004865547987000,0.00992569886147976,0
0.14163482475413900,0.01273898035287860,0
0.1381126002334180,0.019107773900032000,0
0.14011435681122900,0.023127246648073200,0
0.14326128049419200,0.0268649123609066,0
0.1495670694665650,0.037027738988399500,0
0.1451966621690450,0.05218321084976200,0
0.14993187548470400,0.05327586457133290,0
0.1517590267793960,0.0588480643928051,0
0.15760247811332500,0.0644649937748909,0
0.15642084694308700,0.06958220899105070,0
0.15299342697629400,0.07507500052452090,0
0.15471271994436700,0.07807852327823640,0
0.15534737269186100,0.08217652142047880,0
0.16898241515124100,0.08125385642051700,0
0.17247718195713700,0.08359040319919590,0
0.16991442989112400,0.08459238708019260,0
0.1693551529704060,0.08531337976455690,0
0.1716054834019920,0.08604564517736440,0
0.16891106302539200,0.08567972481250760,0
0.1654754904246790,0.08198760449886320,0
0.16541459529608300,0.07973811775445940,0
0.1624609279032020,0.07873363047838210,0
0.1680656269530150,0.07874110341072080,0
0.17255695807680500,0.07868649065494540,0
0.18635323529291000,0.08343943953514100,0
0.1984392295083250,0.08488398790359500,0
0.20291147737408800,0.08657301962375640,0
0.21723943587258100,0.09077610075473790,0
0.21577631491578100,0.09056339412927630,0
0.21844901001786200,0.09186248481273650,0
0.22283655004014100,0.09647791087627410,0
0.2238341692959680,0.10960592329502100,0
0.23269913496870100,0.11527352035045600,0
0.24451309386371400,0.11930538713932000,0
0.24326699133454700,0.09143630415201190,0
0.21821823970465700,0.06435802578926090,0
0.20393792605618000,0.05380754917860030,0
0.17871777137229400,0.05187410116195680,0
0.16821391404634400,0.029043961316347100,0
0.15816169593205600,0.016402557492256200,0
0.13358563464040500,-0.00351885287091136,0
0.10665779603372600,-0.003565562888979910,0
0.09639346893579500,-0.0036696060560643700,0
0.08667269465944300,-0.008546289056539540,0
0.08429590508040860,-0.013163693249225600,0
0.0801424322469177,-0.012673811987042400,0
0.07440356461773850,-0.01333996094763280,0
0.0709152401171817,-0.014227954670786900,0
0.0646378279287972,-0.013921767473220800,0
0.060868239076843400,-0.013017652556300200,0
0.05989866314781600,-0.012933765538036800,0
0.059972437376293600,-0.012804709374904600,0
0.05826473681354520,-0.012826470658183100,0
0.06088274412826250,-0.013971072621643500,0
0.05989923230859560,-0.017304928973317100,0
0.06319952699988880,-0.01882079988718030,0
0.06381987928211310,-0.02199234999716280,0
0.06443882780574750,-0.021853018552064900,0
0.06469730273067950,-0.02409014292061330,0
0.06537149692163990,-0.027752559632062900,0
0.06400109844372570,-0.028633063659071900,0
0.06305940264353660,-0.029350390657782600,0
0.06470037867563090,-0.028650987893343000,0
0.0646924853221704,-0.028845444321632400,0
0.06453578620137400,-0.027867654338479000,0
0.06252482812448140,-0.019704686477780300,0
0.06419193205745890,-0.018444929271936400,0
0.06459442325154290,-0.019898246973753000,0
0.06008497463456280,-0.020956965163350100,0
0.10180158439324600,-0.013501191511750200,0
0.1047690038216750,0.005089511629194020,0
0.15234275187682200,0.005674778949469330,0
0.17171881447745700,0.01989043317735200,0
0.1825565164067780,0.01928476057946680,0
0.18118681859831700,0.019690414890646900,0
0.18792287754794700,0.03098391927778720,0
0.20292406362640300,0.05410618707537650,0
0.21179726562398200,0.06879018247127530,0
0.22096074158291800,0.07642129808664320,0
0.21421842486574500,0.09296493977308270,0
0.22239000611044000,0.09177780151367190,0
0.22727832065045600,0.09973876178264620,0
0.19671372871095700,0.08909552544355390,0
0.16526636356237400,0.050269074738025700,0
0.15068503255309900,0.03257676213979720,0
0.1410259385126300,0.01415457297116520,0
0.10039692737333400,-0.012425313703715800,0
0.09612074192370610,-0.01638391800224780,0
0.08654472419970630,-0.016144433990120900,0
0.0862904886145424,-0.016058433800935700,0
0.07984074100031700,-0.012614558450877700,0
0.0777136781210617,-0.012148788198828700,0
0.07436999677814130,-0.012199756689369700,0
0.07166232967100630,-0.01222932804375890,0
0.05946071251210470,-0.013561494648456600,0
0.06188529038989890,-0.01826978474855420,0
0.07163021031928190,-0.019789235666394200,0
0.0683736882715866,-0.02367335557937620,0
0.06430179855907710,-0.023924635723233200,0
0.05081302488963150,-0.028566423803567900,0
0.05431584260213240,-0.05307348817586900,0
0.07152713107422820,-0.015025123953819300,0
0.0766829588008513,-0.008387809619307520,0
0.06696636564505780,0.002293238416314130,0
0.06507446267700840,0.00670556491240859,0
0.06439439810831030,0.006545079406350850,0
0.06365487945865190,0.006793343462049960,0
0.05432086867559140,0.0056116580963134800,0
0.05641038015621510,0.004768242593854670,0
0.05556730977302370,0.003738483414053920,0
0.052411581549699400,0.0035051770973950600,0
0.05293534440417780,0.003138389904052020,0
0.05384328140867830,0.003066736040636900,0
0.05399135170510060,0.0030012992210686200,0
0.054686546231354400,0.002929252339527010,0
0.05659557978525280,0.002522596623748540,0
0.05643498059373720,0.0022905690129846300,0
0.058795649197993700,0.0018098661676049200,0
0.06279429881400160,-0.00024957102141343100,0
0.06686107755899020,-0.0023574326187372200,0
0.07149889681352580,-0.0033131190575659300,0
0.08070355257061150,-0.009379171766340730,0
0.09664503858331590,-0.008969954214990140,0
0.10671111773601700,-0.007967951707541940,0
0.11986446857775100,-0.0051724049262702500,0
0.13433914116236900,0.0004734956310130660,0
0.14765621383222300,0.006560926325619220,0
0.16237749089467600,0.015909960493445400,0
0.1746007409773430,0.02520846202969550,0
0.18647430280378100,0.033219147473573700,0
0.20724230460823000,0.05073995515704160,0
0.21041233907220700,0.05520319938659670,0
0.22730551418002300,0.06334353983402250,0
0.24687931371861400,0.08454389125108720,0
0.22624479182658700,0.08241398632526400,0
0.19342348243174900,0.06495623290538790,0
0.18723959540608600,0.056307870894670500,0
0.18583017333683000,0.044667478650808300,0
0.18422216507087000,0.029653891921043400,0
0.17617414608652000,0.0022912025451660200,0
0.13762438151387500,-0.008610193617641930,0
0.12884718189719000,-0.009535403922200200,0
0.1155804454451520,-0.009179284796118740,0
0.1051916493260380,-0.008679798804223540,0
0.10352419636234000,-0.008524974808096890,0
0.09754914673716730,-0.0074658505618572200,0
0.08943230231101780,-0.007194900419563060,0
0.08744351684624920,-0.006468517240136860,0
0.0846676548567752,-0.006470915861427780,0
0.08183185416738460,-0.006462416611611840,0
0.07826510845407160,-0.0070388345047831500,0
0.07731707473296380,-0.007522576488554480,0
0.07509783923701450,-0.007382341660559180,0
0.07393647060351050,-0.007038903422653680,0
0.07306713780973580,-0.007271951530128720,0
0.07266958798472760,-0.007211470045149330,0
0.07149682706156120,-0.007314901798963550,0
0.06761136749304440,-0.007411622907966380,0
0.07166941579319730,-0.007646656595170500,0
0.07195219470439470,-0.008627453818917270,0
0.07934230731965730,-0.008510695770382880,0
0.07599814745929450,-0.00865772645920515,0
0.07891936556997580,-0.008419424295425420,0
0.08413626100496560,-0.008537758141756060,0
0.08895692116856960,-0.005991573445498940,0
0.09646996578960550,-0.0029013112653046800,0
0.10121310384420500,-0.0033422173000872100,0
0.10029107242164100,-0.0033139425795525300,0
0.11413255669021400,-0.0022473500575870300,0
0.1163598209035360,-0.002626008354127410,0
0.12056491029453800,-0.0026113020721823000,0
0.12569273673988000,-0.0020846978295594500,0
0.1300686537022850,-0.0021440882701426700,0
0.1320968383335830,-0.0017400383949279800,0
0.13633408335142000,-0.0025219928938895500,0
0.1366877884784720,-0.002635018900036810,0
0.13733798916455100,-0.0042612855322659000,0
0.13820796380429400,-0.00694448733702302,0
0.13963370854194100,-0.009584998711943630,0
0.13598671309708400,-0.010574588552117300,0
0.13693484193743900,-0.012055622413754500,0
0.13348287518437200,-0.012303061783313800,0
0.12949345825624700,-0.012221742421388600,0
0.12478476996123800,-0.01153584010899070,0
0.12397584942277500,-0.011852622963488100,0
0.12686923018275400,-0.011070513166487200,0
0.12788867232312800,-0.009592088870704170,0
0.12845049755517300,-0.009377926588058470,0
0.12886000513903500,-0.009427675046026710,0
0.1289760148781260,-0.008831368759274480,0
0.1303691561951930,-0.009045499376952650,0
0.12999548648421700,-0.009024864993989470,0
0.129493948819939,-0.008961577899754050,0
0.12984829068757000,-0.008503173477947710,0
0.13059302519361200,-0.008585031144320970,0
0.13063422722469100,-0.008573058992624280,0
0.13118896617257700,-0.008526388555765150,0
0.1306043787901700,-0.008593099191784860,0
0.13168028864954500,-0.008171738125383850,0
0.13178982987725500,-0.006181501783430580,0
0.13530462570902400,-0.005416342988610270,0
0.1357924471470900,-0.0051192413084209000,0
0.13695646230688600,-0.005151053424924610,0
0.1376998184780420,-0.005132558289915320,0
0.13762832971960200,-0.005377178080379960,0
0.1380585052853240,-0.006010716315358880,0
0.13833911778686800,-0.006029232405126100,0
0.13891584412758400,-0.005832974798977380,0
0.13939596801624300,-0.005741072352975610,0
0.1416438555021350,-0.005725800059735780,0
0.14312861123212200,-0.005725077819079160,0
0.1432042418596070,-0.005687621422111990,0
0.144375120397965,-0.005680709611624480,0
0.1457891465479930,-0.005837601609528070,0
0.14588478080402600,-0.005815625190734860,0
0.1461177484632250,-0.0059639024548232600,0
0.14706943972645100,-0.005753667093813420,0
0.14646701686718800,-0.0063960133120417600,0
0.1468179064937310,-0.006571656558662650,0
0.14777526790546900,-0.006548241712152960,0
0.14797596108730200,-0.00627666711807251,0
0.1483952547599370,-0.0062849558889865900,0
0.14835133048952000,-0.00675320765003562,0
0.14826207259223600,-0.006863604299724100,0
0.14855771880078900,-0.006962493993341920,0
0.14944615970441700,-0.00698920339345932,0.01
0.14865669326190600,-0.0068379901349544500,0.01
0.14830592622071400,-0.006700187921524050,0.02
0.14903420400842700,-0.005737929604947570,0.02
0.14838525423687500,-0.005305764265358450,0.02
0.1485913489521820,-0.004818110726773740,0.02
0.1490218809154530,-0.004981929436326030,0.02
0.14957852520390300,-0.004981630481779580,0.02
0.15103019552576400,-0.00498379860073328,0.02
0.15290471357642300,-0.004589173011481760,0.02
0.15243102584250000,-0.00404417933896184,0.02
0.15392264762146500,-0.003820450510829690,0.02
0.15336908719801600,-0.003573028836399320,0.02
0.15382561872690000,-0.0031430392991751400,0.03
0.15621225442333800,-0.003140309127047660,0.03
0.15688183481509800,-0.0021691112779080900,0.03
0.15644368263843000,-0.002534290309995410,0.03
0.15146719271152900,-0.0026986219454556700,0.03
0.1470938296807440,-0.0027008720207959400,0.03
0.14498441214752700,-0.0030325381085276600,0.03
0.1426699599943890,-0.0023568016476929200,0.03
0.14032380679571800,-0.0023628694470971800,0.03
0.14143547611584700,-0.00029288599034771300,0.03
0.1393084847064800,0.0018677094485610700,0.03
0.13833939347742700,0.0035161543637514100,0.03
0.14353628621212900,0.004457955248653890,0.03
0.14276226088865600,0.00522954948246479,0.03
0.14684916013335000,0.006326646544039250,0.03
0.1456881000821300,0.006344394292682410,0.04
0.14834437956862900,0.005404735915362840,0.04
0.14878998746166900,0.005011797416955230,0.04
0.1493440582962440,0.005088897421956060,0.04
0.14926927224525300,0.005070986691862350,0.04
0.1485843931942000,0.004707797896116970,0.04
0.14688179609953900,0.004654236603528260,0.04
0.14458970554520600,0.0042073847725987400,0.04
0.14137461772832300,0.004033803008496760,0.04
0.1379537997850000,0.0040236832574009900,0.04
0.13826526803266700,0.00403577322140336,0.04
0.13822560130136600,0.00537828030064702,0.04
0.1384550999324890,0.005627190228551630,0.04
0.13901820568069400,0.005610617343336340,0.04
0.1394176130025390,0.005598289426416160,0.04
0.1395345075658100,0.005569849628955130,0.04
0.1389436264110040,0.0054629468359053100,0.04
0.14030663138143600,0.004658793564885860,0.04
0.13892632469508000,0.00435506459325552,0.04
0.1405265452618890,0.004353001713752750,0.04
0.14102698516677700,0.004282782319933180,0.04
0.14219123418509600,0.004193632863461970,0.04
0.14140371520404400,0.004767734091728930,0.04
0.14241357419165500,0.0049310363829135900,0.04
0.14284363351330100,0.005011759698390960,0.04
0.14444026496917600,0.005134273786097770,0.04
0.14567839056463500,0.005145172588527200,0.04
0.1461977906915260,0.005155431572347880,0.04
0.14685239437331100,0.005911456421017650,0.04
0.14710695344499500,0.006428726948797700,0.05
0.1500391223907990,0.007470258511602880,0.05
0.1501307946950040,0.007471007294952870,0.05
0.15304543060034700,0.007062515709549190,0.05
0.16101539663234900,0.007085858844220640,0.05
0.16548553033999500,0.007140511181205510,0.05
0.16633609534990300,0.007229452021420000,0.05
0.16652836342931900,0.007173354271799330,0.05
0.167197296394707,0.0071565089747309700,0.05
0.16781298372654900,0.006961925886571410,0.05
0.17252306676465400,0.006928719580173490,0.05
0.1737357409681000,0.007434250321239230,0.05
0.17576376817796200,0.007335088215768340,0.05
0.1763593779572970,0.007418442517519000,0.05
0.1768108872061730,0.007234831806272270,0.05
0.1771027654314340,0.007230973802506920,0.05
0.1771300328487070,0.0071173557080328500,0.05
0.1770764399962610,0.007111010141670700,0.05
0.1767958779567260,0.007315243128687140,0.05
0.17673344397060500,0.007036478258669380,0.05
0.17693338467118300,0.007588339038193230,0.06
0.1766127872664910,0.007417340762913230,0.06
0.1766792820614470,0.00695596169680357,0.06
0.17670922766196600,0.006463342811912300,0.06
0.17669073426753100,0.006504787597805260,0.06
0.17619819990107700,0.006591088138520720,0.06
0.17537756092948300,0.0066040316596627200,0.06
0.17543295935231400,0.00706644868478179,0.06
0.175255503064532,0.006757119204849010,0.06
0.1761220023014340,0.0066422997042536700,0.06
0.17695085698764900,0.006585502531379460,0.06
0.17699538359419700,0.006990355439484120,0.06
0.17674460327079900,0.007199774496257310,0.06
0.1767155495872970,0.007166957017034290,0.06
0.17681539706270000,0.006865047849714760,0.06
0.17692895671092000,0.0068481964990496600,0.06
0.17694805477976200,0.006491816136986020,0.06
0.17689464032992500,0.0060089887119829700,0.06
0.1766875397174100,0.004996290430426600,0.06
0.1767287609960220,0.004436643328517680,0.06
0.17677056134124100,0.004443428944796320,0.07
0.177054516685745,0.004762489348649980,0.07
0.17735408936297600,0.004837995860725640,0.07
0.17803845959598800,0.004880732391029600,0.07
0.17840086516877900,0.004993770271539690,0.08
0.17839098338323200,0.0049734776839613900,0.08
0.17906148350750000,0.004945285618305210,0.08
0.17887598874322600,0.00437135947868228,0.08
0.17895318904092200,0.0040735467337071900,0.08
0.1790848687744890,0.0037031900137662900,0.08
0.17977007658687300,0.00371785880997777,0.08
0.18058283173271300,0.0035742521286010700,0.08
0.18108158140622200,0.005112663377076390,0.08
0.1810370356455180,0.005537114106118680,0.08
0.18099891564368700,0.005431232042610650,0.09
0.18105871203943000,0.005376147571951150,0.09
0.18139847002118700,0.005386181641370060,0.09
0.18067573684800700,0.005383809097111230,0.1
0.18039105298778600,0.005230081267654900,0.1
0.1804314960382520,0.005461415741592650,0.1
0.18034019222589200,0.00547541631385684,0.1
0.18084998093746600,0.0055641732178628400,0.1
0.18085764228587000,0.0055514127016067500,0.1
0.181111573443532,0.005897366441786290,0.1
0.1814636215715150,0.006064619403332470,0.1
0.18149844888080800,0.005969732999801640,0.11
0.18163653714582800,0.006733976304531100,0.11
0.1812609536263310,0.00656131049618125,0.11
0.1821009722577940,0.006559526082128290,0.11
0.1832902958818060,0.006642441265285020,0.11
0.18313064832188700,0.005992373917251830,0.12
0.18008025350197100,0.006064071319997310,0.13
0.17949699540733400,0.006019779946655040,0.14
0.18004999492285300,0.005695580970495940,0.15
0.1804951209834340,0.006046827416867020,0.15
0.18136716864798800,0.006699098739773040,0.15
0.18250205366235600,0.007032935973256830,0.16
0.18899636913890600,0.007712233811616900,0.16
0.19173352068509300,0.009012756869196890,0.17
0.19314601100442400,0.009695990011096,0.17
0.19361821928316200,0.009569884277880190,0.17
0.19476495865058300,0.008690262213349340,0.17
0.19462127887463300,0.008680465631186960,0.18
0.1948474894707130,0.008827929385006430,0.2
0.1950263332753540,0.008827950805425640,0.2
0.19538515721186100,0.008902283385396000,0.22
0.19537097411595600,0.008785491809248920,0.24
0.19538006121530000,0.008811173029243950,0.25
0.19560321866152300,0.009406659752130510,0.27
0.19573036839853400,0.010154849849641300,0.29
0.19584504998609700,0.010198553092777700,0.29
0.19648792816175600,0.01011254545301200,0.29
0.19669759704286900,0.010702154599130200,0.3
0.19705023122775000,0.010717056691646600,0.32
0.19734833480784300,0.010688004083931400,0.33
0.1973786805414610,0.011829232797026600,0.36
0.19750210057983900,0.01215936616063120,0.37
0.1977079202546050,0.012161597609520000,0.39
0.19789607715558400,0.014608746394515000,0.4
0.2050826328381910,0.023592334240675000,0.41
0.2072337848286370,0.027068018913269000,0.42
0.20981877736942100,0.030072879046201700,0.43
0.2125081824463800,0.03174614533782010,0.44
0.21536022168706400,0.03317522257566450,0.45
0.21540217502965300,0.03240075334906580,0.46
0.2160384246419400,0.03212255984544750,0.48
0.21479494076841800,0.03205562010407450,0.49
0.21326769718619100,0.031065449118614200,0.5
0.2115104857917760,0.02935108169913290,0.5
0.21152234988543000,0.028517132624983800,0.5
0.2116654575852280,0.027387971058487900,0.5
0.21117172714862700,0.024842435494065300,0.51
0.2106283520954520,0.02252824231982230,0.51
0.21126766641644000,0.02191566303372380,0.51
0.21015858875630600,0.020277585834264800,0.51
0.21129988105047100,0.020415104925632500,0.51
0.20993826339912400,0.019505493342876400,0.51
0.20941559435666100,0.019372358918190000,0.51
0.20986347116922400,0.01940605416893960,0.51
0.2090929750642730,0.019321700558066400,0.51
0.2098121797809970,0.019337879493832600,0.51
0.2098791516407040,0.019358022138476400,0.51
0.20990425904487100,0.01938350312411790,0.51
0.2096879036049910,0.019469376653432800,0.51
0.2095264257239700,0.020027542486786800,0.51
0.20858205346116000,0.020021900534629800,0.51
0.2080937298925260,0.020738672465086000,0.51
0.20813730804966600,0.02087009698152540,0.51
0.20889230187291400,0.021016748622059800,0.51
0.2094378985145510,0.02134331502020360,0.51
0.2096616260057230,0.021462570875883100,0.51
0.20997280534007800,0.021469274535775200,0.51
0.21060123283774900,0.021653778851032300,0.51
0.21064622895625300,0.02148411050438880,0.51
0.2104633419702330,0.021461112424731300,0.51
0.21017505240336100,0.020868690684437800,0.51
0.21015476004724400,0.020780222490429900,0.51
0.21014984569641100,0.02067737653851510,0.51
0.20913048577968300,0.020428577437996900,0.51
0.2076360101333280,0.018858417868614200,0.51
0.2066542098906080,0.017784861847758300,0.51
0.20657989063029500,0.01667948067188260,0.51
0.2066233947776630,0.016486316919326800,0.51
0.20643792398221800,0.01573074236512180,0.51
0.20584930596354100,0.015753263607621200,0.51
0.20497060476677500,0.015490268357098100,0.51
0.20395738161249900,0.0148656340315938,0.51
0.2023894453507190,0.014570005238056200,0.51
0.20113141819654400,0.014563907869160200,0.51
0.20054071115510600,0.014547939412295800,0.51
0.19970483683026100,0.013984961435198800,0.51
0.19900657787041200,0.013916313648223900,0.51
0.1988776595011830,0.013924164697527900,0.51
0.19846932360888500,0.013923811726272100,0.51
0.1983169935222390,0.014090685173869100,0.51
0.19884157173932800,0.014094099402427700,0.51
0.19888422943827600,0.013248378410935400,0.51
0.19932979820709200,0.01333300769329070,0.51
0.19958308886269700,0.013221030123531800,0.51
0.19963121422834500,0.013233144767582400,0.51
0.20000989812474700,0.01323334127664570,0.51
0.20002081953173100,0.012825345620513000,0.51
0.20030591836524300,0.013371053151786300,0.51
0.20062548060264700,0.01339159719645980,0.51
0.2019311942859160,0.013467048294842200,0.51
0.20119290585463500,0.01286973524838690,0.51
0.20115168236663700,0.012150890193879600,0.51
0.20058997153584900,0.012040873989462900,0.51
0.20040316411538400,0.01211076695472000,0.51
0.20002685454627200,0.011473649181425600,0.51
0.1999474385604480,0.011536762118339500,0.51
0.19998273544144500,0.01125233806669710,0.51
0.199974934529108,0.010965544730424900,0.51
0.2000578550894640,0.01045589055866000,0.51
0.19972589953970000,0.008678693324327470,0.51
0.19990236039975200,0.008620801381766800,0.51
0.19925414943667500,0.008129917085170750,0.51
0.19889503139707200,0.0068852342665195500,0.51
0.19870231247222900,0.0062379660084843600,0.51
0.19829642598404800,0.006111987866461280,0.51
0.19740485029420400,0.0061309849843382800,0.51
0.1975110599000640,0.006068801041692500,0.51
0.19746086793393600,0.006048745010048150,0.51
0.19772212943588700,0.006237904075533150,0.51
0.19766412108927800,0.0055215307511389300,0.51
0.19755865276662800,0.005697260610759260,0.51
0.19797235803639600,0.005690114572644230,0.51
0.19827246882338300,0.006190414074808360,0.51
0.19877913766828600,0.0060145119205117200,0.51
0.19847060401232000,0.006069413851946590,0.51
0.1984855389858860,0.005946129560470580,0.51
0.1976905203155530,0.005770059302449230,0.51
0.1981673393775520,0.005964907817542550,0.51
0.19769020259252800,0.005946905352175240,0.51
0.19852095794155500,0.005802585743367670,0.51
0.19897294669328700,0.005838620476424690,0.51
0.19840045308785100,0.004954267758876090,0.51
0.1979287937642120,0.004854186438024040,0.51
0.1978723179708700,0.0048650773242116000,0.51
0.1988244292342910,0.004854799248278140,0.51
0.1984250463594720,0.004677381366491320,0.51
0.19857082821064800,0.004412722308188680,0.51
0.1980493365011260,0.004687862005084750,0.51
0.19792815885799500,0.004707503132522110,0.51
0.1980606531050010,0.004646716173738240,0.51
0.19908940925870300,0.0049168411642313,0.51
0.1990709252144680,0.00399751216173172,0.51
0.19911408440711700,0.005187202710658310,0.51
0.19837333601037000,0.005183804780244830,0.51
0.19623785676325100,0.0072685787454247500,0.51
0.19632449193356900,0.00923953391611576,0.51
0.19576710038874400,0.010546891950070900,0.51
0.19611467104023900,0.01047360710799690,0.51
0.19611886154894000,0.01022077165544030,0.51
0.1946508775486590,0.00859866477549076,0.51
0.19505979740323400,0.00861538015305996,0.51
0.19493282388554000,0.008629893884062770,0.51
0.1949317199549140,0.00869653932750225,0.51
0.1956316559331000,0.011505428701639200,0.51
0.19592379365365700,0.0135264303535223,0.51
0.19619029129120700,0.01421781163662670,0.51
0.19676353319755100,0.014118721708655400,0.51
0.1973459469907090,0.01271356362849470,0.51
0.19227644428089700,0.01154280360788110,0.51
0.19047921577294900,0.011769399046897900,0.51
0.1872160480824710,0.011396629735827400,0.51
0.18056318742053400,0.011260800994932700,0.51
0.17777642306695100,0.01127811148762700,0.51
0.176346372179527,0.011292459443211600,0.51
0.17596085301405500,0.011065134778618800,0.51
0.17422345066841200,0.011050662025809300,0.51
0.17186808773402700,0.01068977452814580,0.51
0.1672928378560170,0.009819460101425650,0.51
0.16299592039316600,0.008926152251660820,0.51
0.15711109391262300,0.006905078887939450,0.51
0.14853779661020700,0.004752319771796470,0.51
0.14116542627221500,0.002960155252367260,0.51
0.13204010092825100,0.001499509671702980,0.51
0.12681722740241100,-0.00037912584957666700,0.51
0.12085865021753200,-0.003039425937458870,0.51
0.11258377622479400,-0.004947859328240160,0.51
0.10590085485426200,-0.0087865199893713,0.51
0.0997250961933621,-0.009711267426609990,0.51
0.09959138455606460,-0.009172685444355010,0.51
0.0937184252268098,-0.009150240570306780,0.51
0.09289763637106380,-0.008975740522146230,0.51
0.08923739392194020,-0.009022654965519910,0.51
0.0882843962235908,-0.009150907397270200,0.51
0.08652885614865210,-0.009832212701439860,0.51
0.0860503507725445,-0.01058578584343200,0.51
0.08482038535045100,-0.012178000994026700,0.51
0.0851797642409375,-0.012867316603660600,0.51
0.08541888404834820,-0.013260911218822000,0.51
0.0865852783439041,-0.013174405321478800,0.51
0.08634465206590030,-0.013155820779502400,0.51
0.08871422160453820,-0.012021493166685100,0.51
0.09412755032341810,-0.011701611801981900,0.51
0.0981803236740049,-0.01170413102954630,0.51
0.10007047472228400,-0.009580947458744050,0.51
0.10622209256006300,-0.008578862063586710,0.51
0.11420492223000400,-0.00870175939053297,0.51
0.126971568098669,-0.008794419467449190,0.51
0.1372326721355240,-0.011985499411821400,0.51
0.13781339417027700,-0.016801035031676300,0.51
0.13498458996939300,-0.02219931222498420,0.51
0.13513804759575400,-0.02093258500099180,0.51
0.14026403033114500,-0.020361904054880100,0.51
0.1378770808146400,-0.015200247056782200,0.51
0.13542729613477600,-0.016251232475042300,0.51
0.1335727924922330,-0.017696449533104900,0.51
0.13353020847529100,-0.019119637086987500,0.51
0.13727999667254800,-0.01838066801428800,0.51
0.13200657861857200,-0.011398665606975600,0.51
0.13943531294598700,-0.005721676163375380,0.51
0.13120022020554200,-0.010246875695884200,0.51
0.15829938121568500,0.0073254406452179000,0.51
0.1937814378018300,0.02788427844643590,0.51
0.1986490943018420,0.020112505182623900,0.51
0.21006631705700500,0.01796470582485200,0.51
0.20529113562530200,0.021355528384447100,0.51
0.19603275176470500,0.03791043162345890,0.51
0.21340388373444700,0.06927792727947240,0.51
0.23990389337499600,0.13499145209789300,0.51
0.24736393679993700,0.13318201899528500,0.51
0.24904654981823300,0.13183271884918200,0.51
0.2508972879337630,0.13280144333839400,0.51
0.2486061087092230,0.13411357998848000,0.51
0.24379870441691400,0.13254809379577600,0.51
0.23383699005903500,0.1253923624753950,0.51
0.23428499037286100,0.11271218955516800,0.51
0.238338401750953,0.086339071393013,0.51
0.24361306405952100,0.06945744156837460,0.51
0.23062354685670300,0.05472852662205700,0.51
0.2180028896004410,0.03524704650044440,0.51
0.2066011766756630,0.02735801972448830,0.51
0.20608115696240200,0.030080532655119900,0.51
0.19490454806790900,0.027387788519263300,0.51
0.18664163789022900,0.02490309253335000,0.51
0.17718267439453500,0.021385889500379600,0.51
0.17606173942757600,0.019179323688149500,0.51
0.17524309280783400,0.01862252503633500,0.51
0.1752054348164060,0.018081847578287100,0.51
0.17424666631254800,0.018764320760965300,0.51
0.17843259789448100,0.021839674562215800,0.51
0.19775966794373300,0.03367984667420390,0.51
0.21235010449443000,0.03784405440092090,0.51
0.2184499785832560,0.03952672332525250,0.51
0.22712140198766200,0.041368890553712800,0.51
0.23526869599617500,0.04180775582790380,0.51
0.24080215357866500,0.04330950230360030,0.51
0.24289713004004600,0.04345935955643650,0.51
0.24639042239277300,0.043151065707206700,0.51
0.25439310107580700,0.04308661073446270,0.51
0.2520311732237030,0.043472617864608800,0.51
0.24782128926775000,0.04413194954395290,0.51
0.24936615834724500,0.0457240529358387,0.51
0.24903409294631400,0.04626811295747760,0.51
0.25303038493953300,0.046571195125579800,0.51
0.2527037277316230,0.04663997143507000,0.51
0.252121408710628,0.04634089022874830,0.51
0.2516392798592820,0.0462459959089756,0.51
0.25165477003675100,0.046227168291807200,0.51
0.25081494683578000,0.046185027807951000,0.51
0.24154196014441200,0.046512845903635000,0.51
0.24603451557941700,0.04632499814033510,0.51
0.24207418350913200,0.045003246515989300,0.51
0.2314676131453600,0.043626200407743500,0.51
0.21928422708452900,0.04363931715488430,0.51
0.216134805293166,0.0436466708779335,0.51
0.21301091767826000,0.043543584644794500,0.51
0.2123077894943020,0.04350407421588900,0.51
0.2119918561532150,0.04218030720949170,0.51
0.20730671987566400,0.03924014791846280,0.51
0.2022154920808750,0.0362309068441391,0.51
0.1995972765149030,0.03329182043671610,0.51
0.19713441738270500,0.030980119481682800,0.51
0.19506647842047600,0.029363175854086900,0.51
0.19369891306685400,0.02731824852526190,0.51
0.1879528599721180,0.024776164442300800,0.51
0.17891554253295900,0.023167427629232400,0.51
0.17117138886505500,0.019560236483812300,0.51
0.16652336630595500,0.012626859359443200,0.51
0.16069296722762400,0.007190016098320480,0.51
0.1512047799550190,0.0024966499768197500,0.51
0.13821966873633000,0.0006552808335982260,0.51
0.1251578049736260,-0.0018542865291237800,0.51
0.1186969999695870,-0.002499598078429700,0.51
0.11283545039016900,-0.0020011202432215200,0.51
0.11089019026388700,-0.0016786670312285400,0.51
0.10455117262907600,-0.002441593911498790,0.51
0.09738122899344870,-0.0029951634351164100,0.51
0.09164660210213360,-0.0034188355784863200,0.51
0.08851777848521920,-0.0037688263691961800,0.51
0.08589641962875330,-0.004057114012539390,0.51
0.08484097183831610,-0.004668130073696380,0.51
0.08451852231309220,-0.004768903832882640,0.51
0.08285552230396930,-0.0048896437510848000,0.51
0.08004479779481130,-0.005512003321200610,0.51
0.07773856373709140,-0.005539749749004840,0.51
0.0765300613301456,-0.005663459189236160,0.51
0.07558327459442370,-0.006049953401088720,0.51
0.07422960171554520,-0.008517513051629070,0.51
0.07391094183215450,-0.009971982799470430,0.51
0.07392338970927250,-0.010891636833548500,0.51
0.07417012539334320,-0.011625961400568500,0.51
0.07356492643636190,-0.012624251656234300,0.51
0.07283992862607490,-0.013410916551947600,0.51
0.07270099874833550,-0.014100106433033900,0.51
0.07194467009977380,-0.01404174417257310,0.51
0.07177189883929090,-0.013940555043518500,0.51
0.0714259203602668,-0.014011966995894900,0.51
0.07110791138558480,-0.013974994421005200,0.51
0.07051393295838680,-0.013983267359435600,0.51
0.07004106635162000,-0.014045394957065600,0.51
0.06984391452543710,-0.014164639636874200,0.51
0.06898443693416500,-0.01467173732817170,0.51
0.06835046730112940,-0.014842991717159700,0.51
0.06713798595234060,-0.015035061165690400,0.51
0.06575320452998500,-0.01515624113380910,0.51
0.065535160590203,-0.015156887471675900,0.51
0.06523255246248920,-0.015155014581978300,0.51
0.06467742842458520,-0.015321725979447400,0.51
0.0640200981771402,-0.015718631446361500,0.51
0.06355277042810600,-0.01579194888472560,0.51
0.06389511256845220,-0.01587427221238610,0.51
0.06426981104658280,-0.015873786062002200,0.51
0.06448533623627400,-0.015771139413118400,0.51
0.06475723137812610,-0.015765592455864000,0.51
0.06407720628657690,-0.015943866223096800,0.51
0.06601855037966800,-0.016986336559057200,0.51
0.06764744896803970,-0.01718934252858160,0.51
0.0702374938898823,-0.017322592437267300,0.51
0.07049284392366810,-0.018334798514843000,0.51
0.07177313972945230,-0.01850997284054760,0.51
0.073681944665044,-0.018487008288502700,0.51
0.07434885979141040,-0.018450219184160200,0.51
0.07459676452771350,-0.018149709329009100,0.51
0.07721350411197960,-0.017018085345625900,0.51
0.08133638246435570,-0.01707949861884120,0.51
0.08088028368991570,-0.01687469705939290,0.51
0.07958774321000940,-0.01632189005613330,0.51
0.0815756435583184,-0.01573411375284200,0.51
0.08641414963009740,-0.015780430287122700,0.51
0.08807704378708940,-0.01617121882736680,0.51
0.0879529341224682,-0.01712721213698390,0.51
0.08304843341805630,-0.02354581095278260,0.51
0.07916039561835330,-0.027578841894865000,0.51
0.07176606785852110,-0.02722562476992610,0.51
0.06740361097080440,-0.005363332107663160,0.51
0.07730690367670660,-0.005462730769068000,0.51
0.0780599228565176,-0.0052144997753202900,0.51
0.07924171755340860,-0.004124796018004420,0.51
0.07954123842094770,-0.003996183630079030,0.51
0.07897428393326940,-0.004242462106049060,0.51
0.07660647883594030,-0.0050120046362280800,0.51
0.07577754352923450,-0.005337226670235400,0.51
0.07593843280629790,-0.005344535689800980,0.51
0.07544556592499250,-0.0053411927074194000,0.51
0.07466757663689930,-0.005374295637011530,0.51
0.07470950216163280,-0.005398476962000130,0.51
0.0747659769377102,-0.005536173935979610,0.51
0.07453755440111090,-0.005646910984069110,0.51
0.07516377456978380,-0.005785909481346610,0.51
0.07499511691539050,-0.0059106298722326800,0.51
0.0742966468508759,-0.006110531277954580,0.51
0.07430515487689080,-0.00622330280020833,0.51
0.07451076627806190,-0.006325038615614180,0.51
0.07401884963713570,-0.006607372313737870,0.51
0.07490034236926060,-0.006684792693704370,0.51
0.07530301035236170,-0.006688393652439120,0.51
0.07521833390109810,-0.006686904467642310,0.51
0.0746698938338678,-0.006664292421191930,0.51
0.07457363094104130,-0.006644467357546090,0.51
0.07393952725321920,-0.006790250539779660,0.51
0.0771766981011317,-0.007308981381356720,0.51
0.07935565834652330,-0.007569858338683840,0.51
0.08143488076108170,-0.007908154278993610,0.51
0.08699605625401590,-0.00818590447306633,0.51
0.09046758673727520,-0.00889165885746479,0.51
0.0960217823381987,-0.009656446054577830,0.51
0.10722039572436500,-0.010278920643031600,0.51
0.11644602552200400,-0.010100395418703600,0.51
0.12658608430473600,-0.008930442854762080,0.51
0.13654281860535000,-0.007155598606914280,0.51
0.14193137954949200,-0.0023322594352066500,0.51
0.14885065347114700,-0.0007492880686186250,0.51
0.16170766812328900,0.004624584689736370,0.51
0.18095229003653500,0.00915621593594551,0.51
0.19091573542281700,0.014003780670464000,0.51
0.19446476731452600,0.01983901672065260,0.51
0.20067118872519200,0.02166087180376050,0.51
0.20867205188780300,0.020165923982858700,0.51
0.21393462200198500,0.024282079190015800,0.51
0.22573972669818600,0.02985251322388650,0.51
0.22807902978151400,0.03444305807352070,0.51
0.22834247621815700,0.04010643810033800,0.51
0.23182500111554700,0.04207303375005720,0.51
0.23624075928121500,0.04137317091226580,0.51
0.2404440612471050,0.042582638561725600,0.51
0.24571907573473900,0.045344967395067200,0.51
0.2491702882669490,0.04978322237730030,0.51
0.2535668093907510,0.054252732545137400,0.51
0.2547209535710700,0.05783286690711980,0.51
0.256456511377643,0.05892787128686910,0.51
0.2571520240870350,0.05937184765934940,0.51
0.2603298045020620,0.059791408479213700,0.51
0.2663348176511,0.060323458164930300,0.51
0.2667229254904810,0.060396403074264500,0.51
0.26907912674015500,0.06326232850551610,0.51
0.2633158776810530,0.06854303181171420,0.51
0.25982213105488400,0.07017795741558080,0.51
0.2615484116842380,0.0716637372970581,0.51
0.26163993618706600,0.07190144062042240,0.51
0.2612569056288940,0.07174021005630490,0.51
0.26122083600654700,0.07169020920991900,0.51
0.26100600288288300,0.0716511607170105,0.51
0.2638025813559920,0.07137642800807950,0.51
0.2650038229063120,0.07123976945877080,0.51
0.2654669025372840,0.0709376186132431,0.51
0.26525580705621500,0.07082314789295200,0.51
0.26138087336942900,0.07076442986726760,0.51
0.25754561990325000,0.07060980796813970,0.51
0.25745838766268800,0.07175873965024950,0.51
0.25716659564460200,0.07180966436862950,0.51
0.2562463219385270,0.07227858155965810,0.51
0.2559180415750620,0.0725029855966568,0.51
0.25574941769302300,0.07257051765918730,0.51
0.2553341775191290,0.07241049408912660,0.51
0.25890835747045900,0.07035805284976960,0.51
0.26169381445235400,0.06960706412792210,0.51
0.26398001173032900,0.06624216586351400,0.51
0.26445050189844600,0.06531216949224470,0.51
0.2640252007697490,0.06211763620376590,0.51
0.25402478887784900,0.05921601504087450,0.51
0.23866335151732900,0.05681877210736280,0.51
0.2318169460450570,0.05015062168240550,0.51
0.2254399691051870,0.037789486348629,0.51
0.22423582401023600,0.032702285796403900,0.51
0.199890501508754,0.014503593556582900,0.51
0.19603098770643900,0.007490869611501690,0.51
0.1859580582985810,0.002619352890178560,0.51
0.1605310225871720,-0.0015887055778875900,0.51
0.1515168934045160,-0.0029532085172832000,0.51
0.14320802416357700,-0.008993355557322500,0.51
0.13599503551009500,-0.014366069808602300,0.51
0.12450071118545000,-0.019345222041010900,0.51
0.11738609485485000,-0.01840030401945110,0.51
0.11039706493932700,-0.02019825018942360,0.51
0.10975917621689000,-0.023228425532579400,0.51
0.10705409762106000,-0.02353091910481450,0.51
0.10184163787855100,-0.022866565734148000,0.51
0.09671029066156150,-0.022540219128131900,0.51
0.09336185220592290,-0.022546790540218400,0.51
0.09181339362317790,-0.022304024547338500,0.51
0.08937258861908240,-0.022256873548030900,0.51
0.08744824388433070,-0.022414200007915500,0.51
0.08527513013760950,-0.024583298712968800,0.51
0.08098756738590440,-0.0263807475566864,0.51
0.0809643041339067,-0.02704545296728610,0.51
0.08130339556026840,-0.02564465068280700,0.51
0.08011152620321460,-0.022675735875964200,0.51
0.07938593380567000,-0.020695718005299600,0.51
0.07975665405785280,-0.020108450204134000,0.51
0.07763214301425720,-0.01927236095070840,0.51
0.07657695585466660,-0.01893353834748270,0.51
0.07631955478457010,-0.01804460771381860,0.51
0.07589900327307940,-0.01800663024187090,0.51
0.07578665227540740,-0.017694855108857200,0.51
0.0736789151861797,-0.016956966370344200,0.51
0.07260604467108130,-0.01661692000925540,0.51
0.07121938429309180,-0.01561285275965930,0.51
0.07058812410360810,-0.014654168859124200,0.51
0.06986266279621800,-0.014303574338555300,0.51
0.06855953123041980,-0.012456778436899200,0.51
0.06677579333548670,-0.010235073044896100,0.51
0.06667458321154460,-0.009680901654064660,0.51
0.066819749998372,-0.009243780747056010,0.51
0.06745538481821080,-0.009016531519591810,0.51
0.06769315352114940,-0.009005365893244740,0.51
0.06786599164357320,-0.008942045271396640,0.51
0.06872451257295610,-0.008541716262698170,0.51
0.07008701465990620,-0.00801167543977499,0.51
0.07355076692230420,-0.007774009369313720,0.51
0.07398579070201510,-0.007197560276836160,0.51
0.07595900589167230,-0.006670272909104820,0.51
0.07954061320858250,-0.005975102540105580,0.51
0.0836896776352181,-0.005344621371477840,0.51
0.08796156113506770,-0.004615349695086480,0.51
0.09398179158616340,-0.0007846683147363370,0.51
0.10025689052942300,0.001363024697639050,0.51
0.10603771089872900,0.003761591389775280,0.51
0.11587675208190500,0.003470825031399730,0.51
0.12478100779124400,0.002947495086118580,0.51
0.1341920672562080,0.0027045109309256100,0.51
0.14175484714413800,0.002543445210903880,0.51
0.14832961988653800,0.0024605640210211300,0.51
0.15795002645771700,0.001450872397981580,0.51
0.16597770251384600,-0.0020218915306031700,0.51
0.1727256065421860,-0.0030762143433094000,0.51
0.1818038013068980,-0.003953278064727780,0.51
0.18632293453998700,-0.003989752382040020,0.51
0.1896487841431000,-0.003936483524739740,0.51
0.19758232929577000,-0.0007457167957909410,0.51
0.20133708924433900,0.00018948795332107700,0.51
0.20475861706589700,0.0005131150828674440,0.51
0.2184631166100540,0.0012415663804858900,0.51
0.22597573966389400,0.0013314051320776300,0.51
0.2388192972856690,0.001376248663291340,0.51
0.25100288587557000,0.0033574956469237800,0.51
0.27707258746016600,0.005459082778543230,0.51
0.29999709888935000,0.013487446121871500,0.51
0.31592252701306700,0.016030099242925600,0.51
0.3319008393472180,0.0170159749686718,0.51
0.34360986172536900,0.018251705914735800,0.51
0.35170233174253700,0.01900114119052890,0.51
0.36564925683695700,0.03126182779669760,0.51
0.38972380296722600,0.034968581050634400,0.51
0.4020058754735710,0.038936514407396300,0.51
0.40988121155259300,0.040405772626400000,0.51
0.41154035087513100,0.047462500631809200,0.51
0.4303565657035970,0.06434181332588200,0.51
0.42647774500044300,0.07193068414926530,0.51
0.4423187691509830,0.07472985982894900,0.51
0.4538720729777950,0.08274435997009280,0.51
0.4547993243890810,0.10044870525598500,0.51
0.4511566784179750,0.0840349867939949,0.51
0.42227932315970700,0.05837232992053030,0.51
0.40555217458775200,0.05219533294439320,0.51
0.3782958448616190,0.023147713392972900,0.51
0.3441748883081070,-0.0017564857844263300,0.51
0.31769524019072700,-0.008879521861672400,0.51
0.2950500256146450,-0.006994488183408980,0.51
0.2691109834811360,-0.00627374742180109,0.51
0.21890057476476800,-0.01271270215511320,0.51
0.19054901389330800,-0.014825714752078100,0.51
0.17313591828697900,-0.015946723520755800,0.51
0.1530165210974940,-0.01460651122033600,0.51
0.13561002280508400,-0.013976028189063100,0.51
0.12239113069889100,-0.014486613683402500,0.51
0.11526632232535500,-0.01642383262515070,0.51
0.10745934200641900,-0.017385918647050900,0.51
0.0996264182628699,-0.01725265011191370,0.51
0.09681068651401260,-0.017139364033937500,0.51
0.09703801285850610,-0.017016377300024000,0.51
0.09505224231940530,-0.017007194459438300,0.51
0.0944454136488655,-0.016736555844545400,0.51
0.09420049675194100,-0.016925469040870700,0.51
0.09347843938970150,-0.01690472848713400,0.51
0.09429381960400390,-0.01557979453355070,0.51
0.09647534422336020,-0.012975862249732000,0.51
0.10167750525882300,-0.00935140810906887,0.51
0.1078124457283790,-0.006850623991340400,0.51
0.10964616291054800,-0.0055892495438456500,0.51
0.11161317206394500,-0.0025113990996033000,0.51
0.11877490634933200,0.0011439244262874100,0.51
0.13073707257488400,0.005722914356738330,0.51
0.14728537544060000,0.010817339643836000,0.51
0.16143416358394900,0.015500232577323900,0.51
0.17485482551904500,0.02079739049077030,0.51
0.1856385623042090,0.022999169304966900,0.51
0.19897873651177600,0.025839855894446400,0.51
0.2072952654102300,0.032076891511678700,0.51
0.22800219651634300,0.03797620162367820,0.51
0.23843679293956900,0.04440806061029430,0.51
0.25685527294469900,0.04623596370220180,0.51
0.26744991094267000,0.04817180708050730,0.51
0.2750484873891900,0.04694375395774840,0.51
0.2810664920922400,0.04341278225183490,0.51
0.27549393992302500,0.03224537521600720,0.51
0.2731485708419690,0.02161763422191140,0.51
0.270829039169397,0.014795370399951900,0.51
0.2643540161684000,-0.003186227288097140,0.51
0.265979687813401,-0.010581050999462600,0.51
0.2361569924354840,-0.026576295495033300,0.51
0.21476458404220200,-0.025121506303548800,0.51
0.19642577359619000,-0.021738694980740500,0.51
0.18790903660456600,-0.02028333581984040,0.51
0.16041162429607600,-0.03247946500778200,0.51
0.1425973249091800,-0.04361634701490400,0.51
0.0954689997261576,-0.021995164453983300,0.51
0.096288064026225,-0.021299166604876500,0.51
0.09320576894224620,-0.018035825341939900,0.51
0.09598635399630710,-0.01571369171142580,0.51
0.09695306714846430,-0.011233007535338400,0.51
0.09686034725123260,-0.0073476554825902000,0.51
0.09632923119553400,-0.004994530696421860,0.51
0.09694451404399950,-0.005957150366157290,0.51
0.09811995470436600,-0.006618782877922060,0.51
0.09810725552971910,-0.0069176978431642100,0.51
0.09978666566304800,-0.0071857282891869500,0.51
0.10148735929699700,-0.008416333235800270,0.51
0.10165752935029400,-0.010195261798799000,0.51
0.10811564782230900,-0.009789487347006800,0.51
0.11027093677251500,-0.009789722971618180,0.51
0.11752566049713200,-0.009771895594894890,0.51
0.12161883627449300,-0.009928010404109960,0.51
0.12609972529186000,-0.009708892554044720,0.51
0.12940669011128700,-0.009828420355916020,0.51
0.13419412312992100,-0.009071948006749150,0.51
0.1376738127575890,-0.009078429080545900,0.51
0.1391178485268160,-0.009241387248039250,0.51
0.1457561504562980,-0.009011166170239450,0.51
0.14577909077266300,-0.007006927393376830,0.51
0.14645978822031400,-0.0062170024029910600,0.51
0.1483177512908870,-0.006843975745141510,0.51
0.15231896809854200,-0.009128260426223280,0.51
0.15431218138440400,-0.01261352188885210,0.51
0.15554167576272700,-0.01684252731502060,0.51
0.1499485011105090,-0.02471642754971980,0.51
0.13815766395303100,-0.02456335723400120,0.51
0.1410269765164110,-0.022975506260991100,0.51
0.140130544832455,-0.029255056753754600,0.51
0.1387613893029960,-0.028207087889313700,0.51
0.1387643664149480,-0.027439069002866700,0.51
0.1354895742503580,-0.020810848101973500,0.51
0.13519994367777900,-0.021054135635495200,0.51
0.13438919196634500,-0.021219024434685700,0.51
0.13441067028227500,-0.020131107419729200,0.51
0.13956159870568500,-0.01926371268928050,0.51
0.1407037005699560,-0.019373219460248900,0.51
0.13801935800977700,-0.02034200355410580,0.51
0.1310367806790050,-0.020356828346848500,0.51
0.13230163676699900,-0.017652586102485700,0.51
0.13201632992044000,-0.018592214211821600,0.51
0.1292851606694460,-0.01862853206694130,0.51
0.12615252842838400,-0.017601128667593000,0.51
0.134732640760715,-0.01751789078116420,0.51
0.13032738625904000,-0.017567547038197500,0.51
0.12843395241636600,-0.01761237531900410,0.51
0.12785601409399400,-0.017333749681711200,0.51
0.1284425786928420,-0.016683388501405700,0.51
0.12802653569538000,-0.01602156087756160,0.51
0.12683926188545600,-0.016078656539320900,0.51
0.12971284703924700,-0.015885554254055000,0.51
0.1300251222070050,-0.015628280118107800,0.51
0.13278651249162700,-0.01714419014751910,0.51
0.1334016318253490,-0.017326321452856100,0.51
0.13527212174334900,-0.016998259350657500,0.51
0.1324943234486940,-0.01677793636918070,0.51
0.13303143695512600,-0.017497379332780800,0.51
0.1319118893375700,-0.016629885882139200,0.51
0.13610162505114500,-0.019569259136915200,0.51
0.13027461784152900,-0.018408115953207000,0.51
0.13611751069699400,-0.021252864971756900,0.51
0.12975020801573100,-0.020906172692775700,0.51
0.13293398662344,-0.020747458562254900,0.51
0.132989917502539,-0.019891612231731400,0.51
0.13371214739362200,-0.019855797290802000,0.51
0.13396456465650600,-0.018227625638246500,0.51
0.13867072638758600,-0.01820092648267750,0.51
0.1437793885517350,-0.0188775435090065,0.51
0.14544890004100400,-0.018635306507349000,0.51
0.14520512378309400,-0.017525961622595800,0.51
0.144275786769843,-0.016157949343323700,0.51
0.14050750052776000,-0.016230124980211300,0.51
0.14674923786077600,-0.014647157862782500,0.51
0.14803096943050000,-0.014773078262805900,0.51
0.1455971022229280,-0.01783866249024870,0.51
0.14677494426011600,-0.019253097474575000,0.51
0.14861541260160700,-0.020383331924676900,0.51
0.14249879353997700,-0.021802211180329300,0.51
0.14712143647515300,-0.021586744114756600,0.51
0.1474507928507500,-0.022058207541704200,0.51
0.14651105168632300,-0.021347051486372900,0.51
0.14563826693843300,-0.018972519785165800,0.51
0.144871312930748,-0.0168306902050972,0.51
0.14444194029075300,-0.014925340190529800,0.51
0.14180363554969100,-0.014730865135788900,0.51
0.14115260433588600,-0.014524420723319100,0.51
0.1429263838332150,-0.01336668711155650,0.51
0.14237064717508800,-0.01333105843514200,0.51
0.14378534455085200,-0.012605066411197200,0.51
0.14427412837215800,-0.012680895626545000,0.51
0.1437949431091510,-0.012752683833241500,0.51
0.14290861136797000,-0.011956697329878800,0.51
0.14356519619215400,-0.01241105142980810,0.51
0.143595337198308,-0.012434490025043500,0.51
0.14366621347735900,-0.012449854984879500,0.51
0.14405323797916200,-0.012695538811385600,0.51
0.14496164937330300,-0.012205785140395200,0.51
0.14481215523548300,-0.012518854811787600,0.51
0.14379479795665900,-0.012520934455096700,0.51
0.14416606601240800,-0.013206924311816700,0.51
0.1420066338023450,-0.014104494825005500,0.51
0.14265827542890500,-0.013761959969997400,0.51
0.1424230971439360,-0.013939534313976800,0.51
0.14285246396006100,-0.014661325141787500,0.51
0.14333313815084100,-0.014602760784328000,0.51
0.14378877278514200,-0.014597184956073800,0.51
0.1432765559594380,-0.01453392393887040,0.51
0.1432866261999710,-0.014527159743011000,0.51
0.14312885194158000,-0.01469767652451990,0.51
0.14532425336842300,-0.014606617391109500,0.51
0.1445057824778030,-0.014672686345875300,0.51
0.1442223612783900,-0.015489893034100500,0.51
0.14426587809129500,-0.015132488682866100,0.51
0.14425058893654200,-0.014659995213151000,0.51
0.14536114146590100,-0.014406484551727800,0.51
0.1460420083803790,-0.014400566928088700,0.51
0.145997540886734,-0.014398077502846700,0.51
0.14597945902939900,-0.014378942549228700,0.51
0.1452942064236190,-0.014375072903931100,0.51
0.14515816513906700,-0.014890290796756700,0.51
0.14537118764483000,-0.014839714393019700,0.51
0.1467212022852680,-0.014844758436083800,0.51
0.14607264264401000,-0.014891115017235300,0.51
0.14603521588824500,-0.01586185023188590,0.51
0.1460905101902360,-0.015924081206321700,0.51
0.14565667128759400,-0.016442032530903800,0.51
0.14511261268012800,-0.01688290201127530,0.51
0.14701280238024600,-0.017827142030000700,0.51
0.1475660913285050,-0.01801055297255520,0.51
0.1456402186230730,-0.018590468913316700,0.51
0.14687757790048000,-0.01857510767877100,0.51
0.14670052513960900,-0.018988871946930900,0.51
0.14613015307006900,-0.01915505900979040,0.51
0.1457774664823590,-0.019918253645300900,0.51
0.1451430261421300,-0.019963223487138700,0.51
0.14413257326680700,-0.02231737971305850,0.51
0.14340723329195500,-0.022347280755639100,0.51
0.14349643731584100,-0.02275666780769830,0.51
0.14455604750747700,-0.02272181771695610,0.51
0.1447668475032080,-0.022709127515554400,0.51
0.14478685967176300,-0.02306710183620450,0.51
0.14425544929359000,-0.02304920181632040,0.51
0.1442369780066550,-0.02298692800104620,0.51
0.14401654615093700,-0.022597236558795000,0.51
0.14399441831761300,-0.022372093051672000,0.51
0.14373728706314600,-0.021673953160643600,0.51
0.14357094017691700,-0.021941442042589200,0.51
0.1428374252950270,-0.021423254162073100,0.51
0.14223464281235800,-0.021881569176912300,0.51
0.1407776830374770,-0.021884603425860400,0.51
0.1406695452454780,-0.022309888154268300,0.51
0.14114769778277600,-0.022299619391560600,0.51
0.14153152976296100,-0.024638580158352900,0.51
0.14121859203698700,-0.02369946986436840,0.51
0.13975490435081100,-0.023673826828599000,0.51
0.14014200898712300,-0.023473652079701400,0.51
0.14241352653155400,-0.022420767694711700,0.51
0.14291037808499700,-0.02177112177014350,0.51
0.14323234713114500,-0.020495405420661000,0.51
0.14281319620783300,-0.016755715012550400,0.51
0.1385763988629730,-0.014185617677867400,0.51
0.14030313172711600,-0.0108573529869318,0.51
0.14334464685550900,-0.008577214553952220,0.51
0.14405446340713000,-0.006855992134660480,0.51
0.14637813894452500,-0.00502015370875597,0.51
0.14566575522483700,-0.005183076485991480,0.51
0.14466642099972800,-0.005785281769931320,0.51
0.14526885159465300,-0.0030027604661881900,0.51
0.1470289953496760,0.0002774462627712640,0.51
0.1489516947362820,0.000391646521165967,0.51
0.14961060975167200,-0.00009888262866297740,0.51
0.1479919784300380,-0.00039505079621449100,0.51
0.14343319408784500,-0.0028752824291586900,0.51
0.14372438273050500,-0.0074620917439460800,0.51
0.14776499554803300,-0.009723114781081680,0.51
0.15401222231592400,-0.013916479423642200,0.51
0.15617805644047000,-0.015899308025836900,0.51
0.1573966836029500,-0.01589958742260930,0.51
0.15621461791831900,-0.01652749814093110,0.51
0.1568768777717100,-0.016636064276099200,0.51
0.15634076912748600,-0.016541017219424200,0.51
0.15700037060448000,-0.014817466028034700,0.51
0.15683248575835600,-0.013789333403110500,0.51
0.15685942435363100,-0.013716856949031400,0.51
0.15714365959832100,-0.013203121721744500,0.51
0.15791036379074100,-0.012980712577700600,0.51
0.15631495413746000,-0.01220522727817300,0.51
0.15651099786624600,-0.011916032060980800,0.51
0.15542994826311300,-0.011909585446119300,0.51
0.1547764926411430,-0.011222632601857200,0.51
0.15631352560166000,-0.009991913102567200,0.51
0.15580684379464700,-0.00939222052693367,0.51
0.15599519851270700,-0.008377680554986,0.51
0.1552432359281380,-0.008258640766143800,0.51
0.15541752411241900,-0.008531400933861730,0.51
0.15568073905554500,-0.00798897072672844,0.51
0.15626187774332500,-0.007371386978775260,0.51
0.1555873611294000,-0.005088814999908210,0.51
0.1557296058276410,-0.00502850953489542,0.51
0.15687314161498300,-0.004834004677832130,0.51
0.15687315955613300,-0.005094197578728200,0.51
0.15567771912630400,-0.0045578377321362500,0.51
0.15620665460428200,-0.004441538359969850,0.51
0.15624135042396500,-0.004479949362576010,0.52
0.15541281778180000,-0.005980649031698700,0.52
0.15537420387119700,-0.006230670493096110,0.52
0.15640080836724100,-0.006229929625988010,0.52
0.1567699352141000,-0.006360020488500600,0.52
0.15720363830186300,-0.006513156928122040,0.52
0.15791145840694500,-0.005125400610268120,0.52
0.15719301632141700,-0.003908713348209860,0.52
0.15831586984675900,-0.0012093663681298500,0.52
0.16297797285940300,0.002452926943078640,0.53
0.16367148007465300,0.004726081155240540,0.53
0.1639723528676080,0.00804883148521185,0.53
0.16520764682969100,0.00825717393308878,0.54
0.1651532733934640,0.008233278058469300,0.55
0.16938847034334900,0.01379658468067650,0.56
0.17114675725615700,0.014233780093491100,0.57
0.17374338318616700,0.014225199818611100,0.58
0.17891050155024100,0.017550475895404800,0.58
0.18256306382735000,0.019559526816010500,0.59
0.1882914729966840,0.023013299331069000,0.6
0.18912489919515000,0.024356422945857000,0.61
0.18859946325935600,0.02415091171860700,0.61
0.18966511476330800,0.026132747530937200,0.62
0.22188792488313700,0.04185949265956880,0.82
0.22532840159277900,0.05383916571736340,0.82
0.2291912217910640,0.06014811247587200,0.82
0.23307136778084500,0.0678996816277504,0.82
0.2312426790067310,0.06823866814374920,0.82
0.23056046751096800,0.06785508990287780,0.82
0.23084642261135900,0.06749221682548520,0.82
0.22892640865214700,0.06878042966127400,0.82
0.22779276085851800,0.06759900599718090,0.82
0.22468940921229600,0.0630435049533844,0.82
0.2249561347327960,0.06142376735806470,0.82
0.22750675481348300,0.056371647864580200,0.82
0.2301439701665760,0.051426082849502600,0.82
0.23165080431015800,0.0506545826792717,0.82
0.23063507578493500,0.05068860203027730,0.82
0.23335716679158100,0.05321450158953670,0.82
0.23680062556605800,0.05748696252703670,0.82
0.23637085547861300,0.06255300343036650,0.82
0.23677294373136900,0.07054366171360020,0.82
0.2355586550152600,0.07297629117965700,0.82
0.23630373717766900,0.07611903548240660,0.82
0.23665435279352700,0.07751379162073140,0.82
0.23564395546826500,0.08017109334468840,0.82
0.23569183917033300,0.07987548410892490,0.82
0.23493676619928300,0.07947513461112980,0.82
0.22747993718963200,0.07701267302036290,0.82
0.22538323856000400,0.07237479090690610,0.82
0.21926527997545500,0.06561977416276930,0.82
0.20670922753632100,0.05325331538915630,0.82
0.20082846037418800,0.042701587080955500,0.82
0.19563885196147700,0.03817912936210630,0.82
0.19300886218793900,0.035658251494169200,0.82
0.19000234478371500,0.03686516731977460,0.82
0.1876240659834310,0.038011372089386000,0.82
0.18748102559526900,0.03843899816274640,0.82
0.18648378641137300,0.03715295344591140,0.82
0.18229393707481500,0.033690277487039600,0.82
0.17762182494365100,0.03185272216796880,0.82
0.1733913919435250,0.030312752351164800,0.82
0.17275236140495600,0.028246333822608000,0.82
0.17164425910619300,0.02825268730521200,0.82
0.16641555598197800,0.02709304355084900,0.82
0.16308311226446400,0.0271482914686203,0.82
0.15904858203802300,0.026485037058591800,0.82
0.15711204537244300,0.025138670578599000,0.82
0.1530357316391760,0.018860546872019800,0.82
0.15129522165026000,0.0165706779807806,0.82
0.1493561528461180,0.014086499810218800,0.82
0.1494724043256200,0.012941820546984700,0.82
0.15298207103121900,0.012886228039860700,0.82
0.15350309459317000,0.01478433609008790,0.82
0.1529359126822310,0.016073176637291900,0.82
0.1531998003928900,0.018610578030347800,0.82
0.1572369297519110,0.0195902232080698,0.82
0.15484969857018600,0.017815807834267600,0.82
0.15596034763011200,0.013658280484378300,0.82
0.16274384520459300,0.013895797543227700,0.82
0.16196953446184600,0.013949206098914100,0.82
0.15974217664964000,0.012599652633070900,0.82
0.1626228344570630,0.014416277408599900,0.82
0.16346223897047000,0.014536289498210000,0.82
0.1575087760839890,0.014538128860294800,0.82
0.15603980611981100,0.02398752048611640,0.82
0.16368166783908700,0.02951608970761300,0.82
0.1744676169878540,0.03236326575279240,0.82
0.18214819388032300,0.03448796644806860,0.82
0.1808921796876920,0.03294333815574650,0.82
0.18366022168089200,0.03203047439455990,0.82
0.19536954018194600,0.03168623894453050,0.82
0.20641569764780200,0.03414478152990340,0.82
0.2259627055384590,0.03564738482236860,0.82
0.23891798495810600,0.03851268067955970,0.82
0.2572340417256900,0.042445674538612400,0.82
0.28135366507615300,0.05022747442126270,0.82
0.2987283039542550,0.05631302669644360,0.82
0.31850290971432500,0.0623522587120533,0.82
0.32827437439744300,0.07011843472719190,0.82
0.34456225961460900,0.07520058751106260,0.82
0.35242307105037700,0.07623398303985600,0.82
0.36974545702836100,0.0749606043100357,0.82
0.3691878250470080,0.0785541832447052,0.82
0.3747153453765650,0.08068273216485980,0.82
0.3737967061550250,0.08030631393194200,0.82
0.37674923962533800,0.0780516043305397,0.82
0.374886287590071,0.07529034465551380,0.82
0.381873072197531,0.07555299252271650,0.82
0.3841348479530450,0.0752510279417038,0.82
0.38680917979365100,0.0748906210064888,0.82
0.39324371229296800,0.08159808814525600,0.82
0.39461852646759000,0.08429054915905000,0.82
0.3967761315879170,0.08517701178789140,0.82
0.4014060836587480,0.08509860932827000,0.82
0.399773535463885,0.08415524661540990,0.82
0.4077313038465890,0.0842166617512703,0.82
0.4157827739251860,0.08495733141899110,0.82
0.4262929658574560,0.08495448529720310,0.82
0.4324527076926140,0.08358348906040190,0.82
0.4324049628434040,0.08357372134923940,0.82
0.43822239318799400,0.08356577903032300,0.82
0.44115023608560600,0.08290667086839680,0.82
0.44177941269359700,0.08404362946748730,0.82
0.4382558656011320,0.08375129103660580,0.82
0.4337011605100720,0.08580811321735380,0.82
0.43137863338800500,0.08742007613182070,0.82
0.4323516555566450,0.08739220350980760,0.82
0.4368942560200700,0.08932343125343320,0.82
0.44454189402221900,0.09264102578163150,0.82
0.445817643370186,0.09608286619186400,0.82
0.4360333554650310,0.10887832939624800,0.82
0.4301980198901640,0.1130213588476180,0.82
0.4225061838910420,0.11673726886510800,0.82
0.4235420125664860,0.11712212860584300,0.82
0.41572491358430100,0.12095141410827600,0.82
0.4180739869447290,0.12169084697961800,0.82
0.4217145142051890,0.12177012860775000,0.82
0.4243766107085310,0.1224767416715620,0.82
0.4222742981948290,0.11772231012582800,0.82
0.41330850947291100,0.11706608533859300,0.82
0.4013893802421340,0.11261856555938700,0.82
0.37594144670882900,0.08784609287977220,0.82
0.352881142621718,0.08537355065345760,0.82
0.32753718768906900,0.08160439133644100,0.82
0.3080040467358350,0.07564634084701540,0.82
0.29417594907926100,0.06993554532527920,0.82
0.2725335472164440,0.062272388488054300,0.82
0.25958754131644600,0.06085978075861930,0.82
0.2455491600840530,0.05301138758659360,0.82
0.22634272312384900,0.04103340208530430,0.82
0.20973442185196300,0.03118646703660490,0.82
0.199749272112575,0.024305792525410700,0.82
0.19371842500360900,0.022094804793596300,0.82
0.189871012608803,0.021900853142142300,0.82
0.17816622146399900,0.0223088301718235,0.82
0.17085601150273200,0.021044351160526300,0.82
0.16243017996981600,0.01672644354403020,0.82
0.15613703964483600,0.013089719228446500,0.82
0.15002517138869600,0.011110777035355600,0.82
0.14965089981876600,0.009736818261444570,0.82
0.14401833789630200,0.007080288138240580,0.82
0.14087789915480700,0.0071374764665961300,0.82
0.1420131218224480,0.0007498679915443060,0.82
0.13835001282409700,-0.0006258002249524000,0.82
0.13303568353140000,-0.0022529461421072500,0.82
0.13076965160248000,-0.0021997648291289800,0.82
0.12474440832693800,-0.004683800041675570,0.82
0.11970395986634000,-0.010721446014940700,0.82
0.11710552933575300,-0.017849326133728000,0.82
0.11104936087682300,-0.025911539793014500,0.82
0.1081333160963830,-0.028878265991807000,0.82
0.10459184985896400,-0.028088778257370000,0.82
0.08788915094848260,-0.03635922819375990,0.82
0.10570998863464200,-0.021185774356126800,0.82
0.12105848334258800,-0.00825384259223938,0.82
0.12401442419293400,-0.00012747514119837400,0.82
0.12539882675401200,0.0027246137615293300,0.82
0.12623791074135200,0.004756164737045770,0.82
0.1274314166367350,0.003913477528840300,0.82
0.12614446220782000,0.0014716185396537200,0.82
0.12532647700005500,0.0007714579696767030,0.82
0.12501240040190900,0.0003496408462524410,0.82
0.12255769553025200,0.00008009485463844610,0.82
0.12398602205969400,-0.0003268310974817720,0.82
0.12383255216593600,-0.0014164629392325900,0.82
0.1185036694790890,-0.00277313613332808,0.82
0.11395980497271700,-0.0026387309189885900,0.82
0.10653621967920100,-0.007395010441541670,0.82
0.10236253498303000,-0.013547058217227500,0.82
0.09934764940008270,-0.016449611634016000,0.82
0.09299613310330440,-0.02094540186226370,0.82
0.09207548365624050,-0.022306550294160800,0.82
0.09176184954603730,-0.024241115897893900,0.82
0.09067347313236350,-0.024018073454499200,0.82
0.09075153722398910,-0.02314113825559620,0.82
0.0906148136625685,-0.02098563313484190,0.82
0.09159254504181280,-0.018460707738995600,0.82
0.09679212452694140,-0.013961976394057300,0.82
0.101576966128086,-0.013367034494876900,0.82
0.10209441520955300,-0.013107702136039700,0.82
0.10714740432596600,-0.01328797172755000,0.82
0.10975413931904500,-0.010855037719011300,0.82
0.11239680705482100,-0.006642536725848910,0.82
0.11684834862999700,-0.005484418012201790,0.82
0.12190177111265000,-0.003048501443117860,0.82
0.12869084136250500,0.004802335519343620,0.82
0.13653437575785500,0.003526813117787240,0.82
0.13604824734292500,0.0031620091758668400,0.82
0.1424514886876540,-0.0010326115880161500,0.82
0.1519568789118440,-0.001116600469686090,0.82
0.1590793819243230,-0.0007263595471158620,0.82
0.15972052249868800,-0.0011955532245338000,0.82
0.15614515805663200,-0.0012183476937934800,0.82
0.18045336310478100,0.003289904911071060,0.82
0.17897643062230400,0.025943433865904800,0.82
0.18832517138423900,0.030907785519957500,0.82
0.19790832974063300,0.03995303064584730,0.82
0.21083425546759200,0.0434127114713192,0.82
0.23735414475000900,0.04648437350988390,0.82
0.27001875725755100,0.0524471215903759,0.82
0.2938366085325260,0.05661334842443470,0.82
0.30192208819436300,0.05619698017835620,0.82
0.3175456504671190,0.060517460107803300,0.82
0.33505252434115700,0.06839882582426070,0.82
0.36940666964603000,0.07929012179374700,0.82
0.37204487410851700,0.09100185334682470,0.82
0.36933964174090000,0.09631834179162980,0.82
0.3592748250152360,0.09691345691680910,0.82
0.3383801933724750,0.09626225382089620,0.82
0.33226995182681100,0.09519993513822560,0.82
0.3428104756373000,0.09753508865833280,0.82
0.3504327271814540,0.10073910653591200,0.82
0.3557174690590600,0.10385589301586200,0.82
0.3687828363354480,0.10545860230922700,0.82
0.37132286228671400,0.10523561388254200,0.82
0.3744295323052190,0.09869257360696790,0.82
0.35953193092046900,0.07645735889673230,0.82
0.3535027393675340,0.06867118179798130,0.82
0.3402351724901260,0.06832326948642730,0.82
0.29536177387441700,0.059215862303972200,0.82
0.2906856042525070,0.05253824591636660,0.82
0.2791366100489610,0.04948601499199870,0.82
0.25885162181634600,0.03180410712957380,0.82
0.23443402431042600,0.030593624338507700,0.82
0.2203555348332680,0.032235100865364100,0.82
0.20352623326929600,0.03311176598072050,0.82
0.19027071272105600,0.03370241820812230,0.82
0.16382089160629600,0.026974666863679900,0.82
0.1533326027642460,0.01652294024825100,0.82
0.14639386921262100,0.007659250404685740,0.82
0.1434101273302780,0.002838715212419630,0.82
0.14364292425325700,-0.0008207516511902210,0.82
0.14103660035853000,-0.004939802922308450,0.82
0.13785153236567000,-0.004531224258244040,0.82
0.14982541294851500,-0.0032661943696439300,0.82
0.16061336333594000,0.0014787351246923200,0.82
0.16656139474308100,0.0057289693504571900,0.82
0.17283698196248400,0.005574474576860670,0.82
0.17183905119251900,0.01067265309393410,0.82
0.18085088979541000,0.03737499564886090,0.82
0.20361395694255000,0.08864652365446090,0.82
0.22063430616995800,0.101237453520298,0.82
0.2548911414327380,0.09676161408424380,0.82
0.272540712799884,0.10094200074672700,0.82
0.31188933490102500,0.09867426753044130,0.82
0.34649999566323500,0.10112035274505600,0.82
0.33597494972291600,0.09589380770921710,0.82
0.32434083537757400,0.07546990364789960,0.82
0.3104639514334340,0.06888578832149510,0.82
0.3052984653800670,0.07211793214082720,0.82
0.30997080386659400,0.07360875606536870,0.82
0.3108478895786310,0.07491445541381840,0.82
0.31128278921898500,0.08139164745807650,0.82
0.31884355012102800,0.09389475733041760,0.82
0.3147835235242970,0.1011166200041770,0.82
0.31587110497826300,0.10485650599002800,0.82
0.3181583846905980,0.1096431165933610,0.82
0.3185126091607550,0.1109473928809170,0.82
0.316844760027335,0.11370263993740100,0.82
0.3185222832433130,0.11309053003788000,0.82
0.31894417367531600,0.1133558377623560,0.82
0.3192194687252120,0.11297351121902500,0.82
0.32489745636832600,0.11272164434194600,0.82
0.3258811837152560,0.11159031093120600,0.82
0.3431779544963870,0.10826601088047000,0.82
0.35224731669522300,0.10598941147327400,0.82
0.3605247689565720,0.1132894977927210,0.82
0.36290208303589900,0.1154894009232520,0.82
0.3685562664233410,0.11532720178365700,0.82
0.3722933676813000,0.11091325432062100,0.82
0.3858984537780630,0.10520654916763300,0.82
0.399542481344854,0.10089556872844700,0.82
0.3916308940923310,0.09520744532346730,0.82
0.3872859977941480,0.09172658622264860,0.82
0.36606973162296600,0.09252859652042390,0.82
0.34453201070561200,0.09174627810716630,0.82
0.2852638967634550,0.0823168084025383,0.82
0.22502597657898100,0.05661655589938160,0.82
0.17788644339910800,0.03798678517341610,0.82
0.18098946345299500,0.04006486386060720,0.82
0.18344211251728600,0.04264650493860250,0.82
0.1885109731646590,0.04690459370613100,0.82
0.19067502945815900,0.048628874123096500,0.82
0.1902978094314350,0.05218375846743580,0.82
0.19261604818302700,0.05320577695965770,0.82
0.1927639445912140,0.0537429042160511,0.82
0.19199437957617100,0.05322303622961040,0.82
0.19050727000350700,0.05230589583516120,0.82
0.19036009549204200,0.04902549833059310,0.82
0.19032224016325200,0.04741392284631730,0.82
0.1905680698344510,0.04700201377272610,0.82
0.18889549992274300,0.04262883588671680,0.82
0.18838123733103000,0.04052846506237980,0.82
0.18847126484051300,0.039905402809381500,0.82
0.18839495411272500,0.03976363688707350,0.82
0.18767263187683500,0.03990728035569190,0.82
0.1874290461691850,0.041120052337646500,0.82
0.18764305445919200,0.041115812957286800,0.82
0.1866355023758070,0.04112674295902250,0.82
0.1890377957675720,0.04132980853319170,0.82
0.18640379807921100,0.04133755341172220,0.82
0.18671799358692900,0.04111174866557120,0.82
0.18658078273681500,0.041079629212617900,0.82
0.18757955338559100,0.04134655371308330,0.82
0.18837994052339100,0.04134829714894300,0.82
0.1885392780284230,0.04112449660897260,0.82
0.18840830910646900,0.04087309539318090,0.82
0.18921608178680400,0.04063497111201290,0.82
0.18940141928464300,0.04029051214456560,0.82
0.1882370348461470,0.04017303138971330,0.82
0.18821850053183100,0.04016099125146870,0.82
0.18942911561372400,0.040115948766470000,0.82
0.19003184211534900,0.03960750252008440,0.82
0.19051546328247400,0.03933056816458700,0.82
0.19048331702879700,0.0392572283744812,0.82
0.19063174674430600,0.039208151400089300,0.82
0.19047713801401900,0.039076585322618500,0.82
0.1904077444225410,0.03901342675089840,0.82
0.18997695448605600,0.03936672955751420,0.82
0.19033216174909600,0.03944607451558110,0.82
0.19053509843348500,0.03944597393274310,0.82
0.1906158368668400,0.03932018205523490,0.82
0.191056827985688,0.03903833404183390,0.82
0.1911005019626530,0.03902890160679820,0.82
0.19119705297754600,0.03939807042479520,0.82
0.19107975551047000,0.03939739614725110,0.82
0.1914609219501580,0.039474405348300900,0.82
0.19131626469326900,0.039712391793727900,0.82
0.1918754482937220,0.039714593440294300,0.82
0.19207957764812200,0.039719365537166600,0.82
0.19214939045690100,0.03971648961305620,0.82
0.1930786744580850,0.03995925933122640,0.82
0.19404851198553300,0.04040760174393650,0.82
0.19482588678014500,0.04054459556937220,0.82
0.1947598099046490,0.04027589038014410,0.82
0.19401876152125900,0.040088701993227000,0.82
0.19399612524296300,0.040099408477544800,0.82
0.19473082704783400,0.04037124291062360,0.82
0.19669938168749800,0.04131249338388440,0.82
0.19851079866760100,0.04282156750559810,0.82
0.2012499145962040,0.04280303791165350,0.82
0.2023478095098680,0.042773112654686000,0.82
0.20285680947707100,0.04275176301598550,0.82
0.20372720300398100,0.04272756353020670,0.82
0.20367234827292600,0.042813725769519800,0.82
0.20510159547647700,0.0430031344294548,0.82
0.20537345262640700,0.04302821680903440,0.83
0.20954670862623300,0.043461333960294700,0.84
0.2144190846357620,0.042622581124305700,0.85
0.21668184086672100,0.04062286764383320,0.85
0.22379870136013000,0.03611955791711810,0.85
0.22720327058275500,0.03533414751291280,0.86
0.2302225342499220,0.035014376044273400,0.86
0.23217916634334000,0.035100944340229000,0.87
0.23425670930426300,0.03524927794933320,0.88
0.237298562469661,0.03401966392993930,0.89
0.23787485581809700,0.03409554436802860,0.89
0.23846887609560200,0.0341387614607811,0.91
0.2387693163468370,0.034198492765426600,0.92
0.23864551493517000,0.03422287851572040,0.94
0.23858843052189600,0.033840589225292200,0.94
0.23882764163063100,0.03277464956045150,0.95
0.23555519321341100,0.031118959188461300,0.97
0.2353803441290200,0.028902878984808900,0.97
0.2348239897604640,0.027921661734581000,0.97
0.23803651137217500,0.0271359421312809,0.97
0.23757540679507000,0.02699335291981700,0.99
0.23735771229064300,0.02725004032254220,1
0.2351576271533460,0.027750808745622600,1
0.23898003911259400,0.027814293280243900,1
0.23909488931556600,0.027411064133048100,1
0.23889088768015900,0.02744489535689350,1
0.2383189713541030,0.02740028128027920,1
0.2361582536875680,0.027953650802373900,1
0.23509678244590900,0.028468167409300800,1
0.2323777097098860,0.02963186800479890,1
0.23160041303007600,0.028850948438048400,1
0.2310307102482590,0.028774401172995600,1
0.2289816222425520,0.028783822432160400,1
0.2248110494046860,0.028330227360129400,1
0.22184583100655700,0.027791982516646400,1
0.21616825932868900,0.025385767221450800,1
0.2099668481919150,0.025473471730947500,1
0.20781026248684100,0.025802846997976300,1
0.20858852492477500,0.025858934968709900,1
0.2116945994694600,0.025880228728056000,1
0.20880918054285100,0.02569378912448880,1
0.20969025392062000,0.025541877374053,1
0.2114731149952370,0.025526955723762500,1
0.21153712130530700,0.024390537291765200,1
0.21062046280731400,0.022752363234758400,1
0.20850333596159500,0.018163513392210000,1
0.20627413108972300,0.015317825600504900,1
0.20659551668283600,0.011775346472859400,1
0.20689048917993800,0.01017877459526060,1
0.20487341385728700,0.01044556312263010,1
0.20549553617180300,0.011109057813882800,1
0.20719959069166700,0.012056844308972400,1
0.21166195024799700,0.017432985827326800,1
0.22023023494749800,0.022698774933815000,1
0.22488677882155000,0.022358806803822500,1
0.23017467619144400,0.023426096886396400,1
0.23231070263881900,0.023724520578980400,1
0.23379349211724500,0.02364352159202100,1
0.23665540474351000,0.024127740412950500,1
0.2355138299189580,0.025046881288290000,1
0.23777073406861400,0.026095759123563800,1
0.23707190884162800,0.02664100006222730,1
0.23678618496808600,0.02726302668452260,1
0.23333311086823000,0.0264710932970047,1
0.23353531526159800,0.026472996920347200,1
0.23265201426575700,0.025132831186056100,1
0.23548231340064500,0.025004059076309200,1
0.23472416676104100,0.02460039034485820,1
0.23496533406004000,0.02495458349585530,1
0.23505575309033800,0.02505640685558320,1
0.23568063485556200,0.025058884173631700,1
0.23454118586385700,0.025316104292869600,1
0.2345724835917050,0.025443708524107900,1
0.23309714107546800,0.025448748841881800,1
0.23338568396802100,0.025045687332749400,1
0.23288460986842500,0.024686409160494800,1
0.23334086216326400,0.024663681164383900,1
0.23406620570877800,0.024496370926499400,1
0.23366262204246800,0.024684734642505600,1
0.23368860075240400,0.024930525571107900,1
0.23436931367507400,0.025225427001714700,1
0.23397294674944700,0.025417611002922100,1
0.23374908543974600,0.025397252291441000,1
0.2369478195669740,0.025188162922859200,1
0.23711526153639600,0.025465641170740100,1
0.2357791899677490,0.025277484208345400,1
0.23435813909256700,0.025401568040251700,1
0.2345608007338380,0.026425981894135500,1
0.2330996519907430,0.026454607024788900,1
0.23227030209345300,0.026652058586478200,1
0.23281496134132900,0.02665397897362710,1
0.23269323316861100,0.02678784355521200,1
0.23229612401026100,0.026901360601186800,1
0.23110499991645600,0.026790037751197800,1
0.23061188901044800,0.02635546587407590,1
0.23045451568189000,0.025258082896471000,1
0.22960938714653400,0.02474921941757200,1
0.2308052906525300,0.024541005492210400,1
0.23404319426906200,0.024372881278395700,1
0.2340991034770730,0.024917874485254300,1
0.23481925029678400,0.024836448952555700,1
0.23260289119090000,0.025756413117051100,1
0.229493005165608,0.025863166898489,1
0.22602397780489000,0.025892753154039400,1
0.22361739088040100,0.0258292555809021,1
0.21819432644236700,0.02312314882874490,1
0.21671777415419600,0.022410530596971500,1
0.220398754680137,0.022447897121310200,1
0.2217376087700360,0.02282291278243070,1
0.22468665914851800,0.023152010515332200,1
0.22561219205486700,0.023147955536842300,1
0.22327985820112500,0.02313270792365070,1
0.22430146459528400,0.021813977509737000,1
0.2215369960509430,0.021009139716625200,1
0.22382558091473000,0.020714107900857900,1
0.22230282188567600,0.021082451567053800,1
0.2256294314347210,0.021791670471429800,1
0.22520768312383500,0.022119078785181000,1
0.22496649668730900,0.02205032855272290,1
0.2250988082441020,0.022068312391638800,1
0.2245446588445460,0.022407200187444700,1
0.2255316367926660,0.02245364710688590,1
0.22542629504481700,0.02270066924393180,1
0.22462562629232400,0.022852767258882500,1
0.22786715799400300,0.02286701276898380,1
0.22787809752954600,0.023003004491329200,1
0.2282129691915050,0.02315756119787690,1
0.22819399441608600,0.023261528462171600,1
0.22726583540099100,0.023327399045229000,1
0.2269171156933080,0.023285217583179500,1
0.2271776641044320,0.02300548367202280,1
0.22815812848527300,0.02328251488506790,1
0.22881155841631500,0.022773081436753300,1
0.23069699985807900,0.02414773963391780,1
0.23918323149956900,0.028491288423538200,1
0.24536910086697900,0.03207603842020040,1
0.25418794970513100,0.03589017316699030,1
0.2715284527173920,0.0435541495680809,1
0.29172261813706300,0.048185043036937700,1
0.307212027263106,0.05446668714284900,1
0.3243522494178600,0.0598347969353199,1
0.3407115330986880,0.06409674882888790,1
0.35419568776238200,0.06732232868671420,1
0.36777246673520400,0.07229913771152500,1
0.37564966922327600,0.07751917839050290,1
0.37962602061469700,0.08112841099500660,1
0.38498849581693200,0.08591333031654360,1
0.40272103331974,0.09566064178943630,1
0.40844625824112000,0.09816192835569380,1
0.42194129574029800,0.1030355840921400,1
0.4333533258339700,0.1116652712225910,1
0.4430532267360070,0.12012378871440900,1
0.4525466921843690,0.12332135438919100,1
0.4705524580172120,0.12558376789093000,1
0.4730737477742980,0.1270992010831830,1
0.48189394082682700,0.1270887553691860,1
0.47477494493816000,0.1263199746608730,1
0.47727488168364500,0.12241252511739700,1
0.4678039524963840,0.12455175817012800,1
0.46756689832580200,0.1277318149805070,1
0.4672737056230590,0.12784133851528200,1
0.4677811616453400,0.11600355803966500,1
0.4738364438535750,0.1146874874830250,1
0.4693573822081670,0.11299647390842400,1
0.4754705803820420,0.11076070368289900,1
0.4830110508967610,0.1084502562880520,1
0.47361855829960500,0.10931335389614100,1
0.47538596075259900,0.11037596315145500,1
0.49345556520814600,0.1087094396352770,1
0.5014825120892510,0.09999944269657140,1
0.5070064504459990,0.10091172158718100,1
0.5128343935217650,0.09930714964866640,1
0.5017862339673560,0.09470650553703310,1
0.5025082927974460,0.09514585137367250,1
0.5030744248983650,0.09552522748708730,1
0.49778535056399200,0.09810161590576170,1
0.49498992533278400,0.09835126250982290,1
0.4722151121727000,0.10063326358795200,1
0.45635305523558400,0.10544891655445100,1
0.44567070136494200,0.10701531171798700,1
0.43439281740837300,0.10708154737949400,1
0.4326543663476180,0.1070803627371790,1
0.40574366746739900,0.10607342422008500,1
0.3946141917425720,0.10433517396450000,1
0.38890993781053600,0.10983981937170000,1
0.37792867041560500,0.11070116609334900,1
0.3679610641630850,0.11044563353061700,1
0.37251217000738100,0.11067122220993000,1
0.3853998959409460,0.11300502717495000,1
0.41300548711893300,0.1132902130484580,1
0.44190088640222900,0.11136458814144100,1
0.4443183138997900,0.11135639995336500,1
0.45864509000037200,0.10403957217931700,1
0.46892743478159800,0.09601734578609470,1
0.4675824009881250,0.08744855225086210,1
0.46356656500866300,0.07857579737901690,1
0.45554199783307700,0.08159831166267400,1
0.4299259477731290,0.08314742147922520,1
0.4137926900097960,0.07869850099086760,1
0.40085068092552900,0.07194400578737260,1
0.36855189066773700,0.03485903888940810,1
0.35648338345620700,0.03824819624423980,1
0.3552359629420930,0.03668052330613140,1
0.35306833431422100,0.03271450102329250,1
0.3427985355613240,0.03267642855644230,1
0.3215878830791830,0.03061138093471530,1
0.16676238634965200,0.02539030835032460,1
0.16312401225528,0.02916756272315980,1
0.16041627884525800,0.029709821566939400,1
0.1545597374881730,0.02896108105778690,1
0.15647488798371300,0.02194317802786830,1
0.16091296343511100,0.022015873342752500,1
0.16566044214806300,0.022406216710805900,1
0.164185144599065,0.022683052346110300,1
0.16348811398315900,0.02325669303536420,1
0.1669164392590290,0.02427072823047640,1
0.16849186800420000,0.024274606257677100,1
0.16857520717641900,0.02337242104113100,1
0.1684618979924840,0.020950058475136800,1
0.16847091660021300,0.01995803602039810,1
0.16591955957693100,0.019859176129102700,1
0.16297825922577500,0.019654924049973500,1
0.15333821742872500,0.019406884908676100,1
0.15205272888878000,0.019450360909104300,1
0.15280302020124300,0.019667549058795000,1
0.15214116177222800,0.01958734542131420,1
0.15519254346122500,0.019232461228966700,1
0.15147495197452800,0.016837768256664300,1
0.15361522010349600,0.015640582889318500,1
0.15384035143568300,0.015574408695101700,1
0.15311597034622900,0.016989436000585600,1
0.1526059964164160,0.017009127885103200,1
0.15165365926665900,0.015914222225546800,1
0.15151959000194400,0.018881548196077300,1
0.15222605248704000,0.01905318722128870,1
0.1533521063493620,0.017586644738912600,1
0.15883377628680400,0.014382155612111100,1
0.16038655199629300,0.012032669968903100,1
0.16212998097730900,0.0068281046114862000,1
0.1612154608668200,0.002780867973342540,1
0.15691648657569200,0.0003175576566718520,1
0.16705830428381900,0.0003165814559906720,1
0.1869519650317920,0.000028788510462618400,1
0.1961887006824130,0.005938048008829360,1
0.2076142305429060,0.01430102251470090,1
0.22025664196908200,0.01888221874833110,1
0.22660879590200100,0.018975405022501900,1
0.2299636028590080,0.01937054470181470,1
0.2318774948211240,0.022746989503502800,1
0.23373725737213600,0.026053011417388900,1
0.23435533827026000,0.030720297247171400,1
0.2341671492241670,0.03643534705042840,1
0.2337746389053320,0.04086148738861080,1
0.23216375924217500,0.046303365379571900,1
0.23724052830336900,0.053818948566913600,1
0.25107398327089400,0.062462229281663900,1
0.262411991271292,0.06615538150072100,1
0.27475155299831700,0.06795817613601690,1
0.28786542276894100,0.07010219991207120,1
0.3002893225000490,0.0748559907078743,1
0.3049507873963100,0.07547444850206380,1
0.3110273706433040,0.07607884705066680,1
0.31191404452339000,0.0760187953710556,1
0.31449332887958300,0.07654045522212980,1
0.31725632173388600,0.07753939926624300,1
0.3218665621065220,0.07821571081876760,1
0.32314154175326800,0.07767899334430700,1
0.32731384735071400,0.07583045959472660,1
0.33261052267934100,0.07539227604866030,1
0.3300356984808530,0.0756247341632843,1
0.33275426166984500,0.078078493475914,1
0.3341847494266980,0.08254663646221160,1
0.3305211524203460,0.0852140411734581,1
0.3317548060030970,0.08678767830133440,1
0.33262185365715000,0.08766760677099230,1
0.33235211606808600,0.09104494750499730,1
0.3256182287002210,0.09084513783454900,1
0.3355011305547540,0.0861586257815361,1
0.3374846486046120,0.08492856472730640,1
0.34229680779749400,0.08494824916124340,1
0.34413109478365000,0.08413413166999820,1
0.33763231041173900,0.08219496160745620,1
0.33390219281546600,0.0822252556681633,1
0.33171165765604500,0.08197569847106930,1
0.3291318262924370,0.0819990262389183,1
0.3193059377751510,0.0894591435790062,1
0.3158361625327510,0.09070319682359700,1
0.31611886135056100,0.09251842647790910,1
0.31289488552932700,0.09324005991220470,1
0.32270804720759000,0.09174951165914540,1
0.3246084257487240,0.08762283623218540,1
0.3284318497582110,0.08825740218162540,1
0.327842805093484,0.08803506195545200,1
0.33099185641003400,0.08806201815605160,1
0.3351481728058550,0.08548346161842350,1
0.3392806032085180,0.08535097539424900,1
0.34157848259098000,0.08475635945796970,1
0.36221982824460600,0.09054863452911380,1
0.38912828204261400,0.09121181070804600,1
0.39537475552061700,0.08890224993228910,1
0.395433086290965,0.08751822263002400,1
0.389862639154311,0.08267977833747860,1
0.3880530702725200,0.07969963550567630,1
0.36901619831288900,0.06575231999158860,1
0.34439241932599200,0.06170959025621410,1
0.2944658934852660,0.05022893100976940,1
0.2750118867548640,0.05245471000671390,1
0.2555439626416320,0.05465083196759220,1
0.2404399709177750,0.05407620593905450,1
0.21288096993245400,0.04386360943317410,1
0.1917289208231550,0.03968923166394230,1
0.194687257529878,0.03603855520486830,1
0.1894861483387550,0.031099697574973100,1
0.18743481983092800,0.030962547287344900,1
0.18110783746270000,0.027223870158195500,1
0.17831520269944200,0.02278031036257740,1
0.17884800701573400,0.02145567163825040,1
0.1766839217938600,0.020240705460310000,1
0.17670673562854500,0.019883064553141600,1
0.17485116017025500,0.017532309517264400,1
0.17170907559062400,0.019129442051053000,1
0.1710313324087170,0.028927236795425400,1
0.17364343578025700,0.03325999155640600,1
0.1796756407102430,0.03235998377203940,1
0.1866353854968780,0.03161677345633510,1
0.18884624080767300,0.031620316207408900,1
0.19298675074356000,0.03255511447787290,1
0.19220750154438200,0.03227456659078600,1
0.20107941398191100,0.03147714585065840,1
0.21161337196312300,0.03141995519399640,1
0.21809276078106000,0.027411574497818900,1
0.2260723582784410,0.030798623338341700,1
0.22923641945093800,0.034162335097789800,1
0.2363739948120680,0.03868405148386960,1
0.24640905491808600,0.043645165860652900,1
0.25770188575935500,0.045254748314619100,1
0.2694987016730120,0.0475834496319294,1
0.2822047354561670,0.05022215098142620,1
0.29411965617868200,0.04971517249941830,1
0.29500085055439100,0.049187932163476900,1
0.2970010014489350,0.04887009412050250,1
0.2985231141172170,0.04393889755010610,1
0.2918125838650200,0.043050821870565400,1
0.28493001019202000,0.04548057168722150,1
0.26018598566863800,0.04562941566109660,1
0.2445461096227350,0.04669896140694620,1
0.2390186265144450,0.033215686678886400,1
0.18160183619417300,0.024704385548830000,1
0.15926431494840800,0.01866566762328150,1
0.14859207126350000,0.01728825643658640,1
0.13841636958247100,0.015745248645544100,1
0.13341474398618200,0.012950737960636600,1
0.12822957955918100,0.010781918652355700,1
0.12453180275540000,0.008244949392974380,1
0.1211069930262640,0.00728603545576334,1
0.11908087881734700,0.006886839866638180,1
0.12246246288573400,0.007297749165445570,1
0.1263475964651620,0.007426134310662750,1
0.13036599388235900,0.009226208552718160,1
0.13270836226330600,0.010694457218051000,1
0.13821885590180800,0.012682674452662500,1
0.14283590517789900,0.014599780552089200,1
0.1464414454133770,0.016828007996082300,1
0.14850318606261200,0.021647732704877900,1
0.15548198486832800,0.025366514921188400,1
0.16415195424668400,0.027128051966428800,1
0.16777151234380100,0.030335132032632800,1
0.17138723735818500,0.033514656126499200,1
0.1738046636494210,0.03804583102464680,1
0.17763764671609900,0.044727347791194900,1
0.18004723767157300,0.05379514768719670,1
0.18758536515646100,0.06286463141441350,1
0.18745505853139600,0.07221675664186480,1
0.18779545653307300,0.08287522941827770,1
0.17922999940847400,0.0970543846487999,1
0.17332183757485300,0.10241271555423700,1
0.18770418197154600,0.12373477220535300,1
0.18956480726886300,0.13020478188991500,1
0.19119453791332700,0.11969397217035300,1
0.18159561407669800,0.1189999207854270,1
0.18053325731467700,0.11574040353298200,1
0.19103004237955500,0.10017546266317400,1
0.19404230674692400,0.10542187839746500,1
0.20274396287891900,0.10503643751144400,1
0.20654359526526100,0.09032110869884490,1
0.20348820680815600,0.06771370023489000,1
0.20747058072967000,0.05497235059738160,1
0.21607014316105700,0.038652367889881100,1
0.22858016484790400,0.03440527990460400,1
0.2241345178278570,0.022326314821839300,1
0.2203945919880930,0.02255643717944620,1
0.22699129265777600,0.021903589367866500,1
0.23403582484512900,0.023888003081083300,1
0.24196964182396800,0.021040011197328600,1
0.24252255119421400,0.02232326567173000,1
0.24131742952278500,0.022645581513643300,1
0.24928913427759500,0.026811936870217300,1
0.24882421029360300,0.030440444126725200,1
0.257615989444159,0.027619218453764900,1
0.2525115770469240,0.028853461146354700,1
0.2449268734984550,0.023270342499017700,1
0.2348136645130210,0.01870766654610630,1
0.23368082892977900,0.01519852876663210,1
0.22149810165170000,0.022767510265111900,1
0.22140407659470700,0.023240884765982600,1
0.22089097125178900,0.023499110713601100,1
0.2183264055055770,0.023066256195306800,1
0.20684560168032800,0.023008283227682100,1
0.20799565367091700,0.025186991319060300,1
0.20710283086432400,0.025108661502599700,1
0.2058204991415340,0.02628510072827340,1
0.20479837996744100,0.02698267437517640,1
0.20737229793065800,0.027012640610337300,1
0.20900553234851700,0.025097737088799500,1
0.21037915084909300,0.022193733602762200,1
0.20945882860139600,0.019760165363550200,1
0.2103288490756070,0.019765730947256100,1
0.20762768521822300,0.019821349531412100,1
0.20263093498051700,0.019618256017565700,1
0.20285851003766800,0.02337515726685520,1
0.2022571187491700,0.025082027539610900,1
0.19755356142678700,0.028647607192397100,1
0.20003893390687800,0.028632957488298400,1
0.197630340881472,0.03027728758752350,1
0.19798598700923700,0.031270913779735600,1
0.1983064925215570,0.03143284469842910,1
0.19748980010443500,0.032258059829473500,1
0.19943125658404700,0.03220405802130700,1
0.20039433766565400,0.03362617269158360,1
0.19909934599568700,0.03216895833611490,1
0.19873771042315400,0.032121483236551300,1
0.19680316633447800,0.03210403025150300,1
0.19634024638777200,0.0320778526365757,1
0.19751449720636300,0.033011164516210600,1
0.19577303507792000,0.03334728628396990,1
0.1953033402618560,0.03247630223631860,1
0.19553155533334800,0.03245546296238900,1
0.1953699408965510,0.032422445714473700,1
0.1955891021607490,0.0323675163090229,1
0.1957935767998760,0.03225422650575640,1
0.1969250173645090,0.03244353085756300,1
0.1972647600190620,0.03284859284758570,1
0.19672188941253300,0.03293577581644060,1
0.1968420567666650,0.0340958870947361,1
0.19670122023362000,0.034251924604177500,1
0.19646217179797300,0.034388601779937700,1
0.19595947726244300,0.034375179558992400,1
0.1960704617520870,0.034451715648174300,1
0.1961053748616100,0.034412555396556900,1
0.19623044392957700,0.03443538397550580,1
0.1964498002990790,0.0344422310590744,1
0.19691738336650100,0.034321378916502,1
0.19686560427703000,0.03438372164964680,1
0.19683465772471000,0.034575313329696700,1
0.19729739209481000,0.034524910151958500,1
0.1975821591304390,0.03452158346772190,1
0.19703743993735200,0.03398662805557250,1
0.19696164035191000,0.03391457721591000,1
0.1966202657769900,0.033313997089862800,1
0.19666973104934100,0.03375542163848880,1
0.19663802391657200,0.03316832333803180,1
0.19663444270655700,0.0331692174077034,1
0.19656985139560100,0.03288130834698680,1
0.1967074150026270,0.032596129924058900,1
0.19616219287476000,0.03169991821050640,1
0.19685872081594600,0.03172372281551360,1
0.19784627655211800,0.030754759907722500,1
0.19840134384196500,0.03077009692788120,1
0.1989521970151350,0.030741751194000200,1
0.19813405066733800,0.030115816742181800,1
0.19797008025040400,0.029165003448724700,1
0.19788508637945000,0.029309207573533100,1
0.19778459199517300,0.029435744509100900,1
0.19884559702994700,0.029270201921463000,1
0.1989915668815200,0.02903970144689080,1
0.1989673115987810,0.02904495969414710,1
0.1987289146850550,0.028828565031290100,1
0.19851090536227000,0.028561457991600000,1
0.19795757518309700,0.02901425026357170,1
0.19830279931594400,0.028928374871611600,1
0.19821760429388700,0.028891202062368400,1
0.19838351740043800,0.029029378667473800,1
0.19870822587472400,0.028579089790582700,1
0.19925900663525200,0.028727462515234900,1
0.19947226200520700,0.02940627932548520,1
0.1993592438981740,0.029352689161896700,1
0.19931951272324400,0.02936827763915060,1
0.19924168899454000,0.029428398236632300,1
0.1995087184166440,0.029468383640050900,1
0.20017370032838700,0.029391517862677600,1
0.20078570715897800,0.029390385374426800,1
0.20095487962138000,0.029434004798531500,1
0.20120492423506900,0.02938065491616730,1
0.20075192940840200,0.029237275943160100,1
0.2004855384020910,0.02838251367211340,1
0.19993382770130000,0.028347689658403400,1
0.19992853301206600,0.02833595871925350,1
0.19987395161133200,0.028309043496847200,1
0.20017754642835400,0.02830835059285160,1
0.20065557640150800,0.02803507074713710,1
0.20062130025783700,0.02799862064421180,1
0.20059672274139500,0.02814972959458830,1
0.20052999654716300,0.02814192697405820,1
0.20053033659462100,0.028141340240836100,1
0.2004382545511930,0.02824651263654230,1
0.2001916328021390,0.028274118900299100,1
0.19980619234070200,0.028017153963446600,1
0.19842886252311800,0.026634305715560900,1
0.19729651459873900,0.026588216423988300,1
0.19769459773588300,0.02661411464214330,1
0.1984279909505290,0.026589831337332700,1
0.19890376710764000,0.025965865701437000,1
0.19888588423392200,0.025977950543165200,1
0.19860911851829200,0.026075512170791600,1
0.19840460809853000,0.025996368378400800,1
0.1990452106044420,0.025972997769713400,1
0.1996462467894020,0.02615598775446420,1
0.19998716647703800,0.025894779711961700,1
0.2003661701880610,0.025332501158118200,1
0.20049877973110100,0.025293871760368300,1
0.2009893480897940,0.02542237937450410,1
0.20142284503408400,0.025890057906508400,1
0.2020969679644540,0.025889795273542400,1
0.2021076540521650,0.025934705510735500,1
0.20230086233869600,0.02610841393470760,1
0.20258182061045300,0.02625923790037630,1
0.20177063963404400,0.026282289996743200,1
0.20164645022684700,0.026286274194717400,1
0.20171534814144200,0.026259560137987100,1
0.20200491634229100,0.025916922837495800,1
0.2020248036147620,0.025830011814832700,1
0.2025065739501410,0.025832515209913300,1
0.20296272904919000,0.025855034589767500,1
0.20279485829613300,0.025649085640907300,1
0.20268692997387700,0.025673095136880900,1
0.20231367424349500,0.025533601641655000,1