wideness,z,eyeDist,scaledValue
0.08977194316852495,-0.003252847818657756,0.10347059917595204,0
0.09125407890925445,-0.0032663499005138874,0.10281435991829345,0
0.09026016657807696,-0.0033713728189468384,0.10318736453387314,0
0.09120144933008513,-0.0024111634120345116,0.10319844811781938,0
0.09208976479635128,-0.0028148391284048557,0.10359687838409919,0
0.09225499096144608,-0.004578225780278444,0.10277186586071665,0
0.0916653833376585,-0.004590868949890137,0.10281352488764083,0
0.09189588746871903,-0.00475727766752243,0.10144072237017587,0
0.08916984463836082,-0.004502493422478437,0.09960561101828283,0
0.08985967234256043,-0.0057181017473340034,0.09714849159818177,0
0.09066719201800406,-0.005998058710247278,0.09577683396299426,0
0.09124411515667927,-0.008512995205819607,0.09767479852726316,0
0.09094114951468324,-0.010246170684695244,0.09828913054061039,0
0.09247756092164082,-0.010498248040676117,0.09654844158796227,0
0.09255386001317308,-0.010282953269779682,0.0961646373157116,0
0.09389031398501724,-0.01004568301141262,0.09601549798516514,0
0.0946525393646441,-0.007128865458071232,0.0926147583522754,0
0.09719007512678092,-0.005431497469544411,0.09167931210630652,0
0.09633947338481494,-0.005497728940099478,0.08948892802690846,0
0.09687864401091277,-0.006746182683855295,0.09304374859725882,0
0.09883830234748094,-0.007387571968138218,0.09830045253307672,0
0.09764212523219162,-0.008048772811889648,0.09645233420519649,0
0.10024024092429558,-0.007710686419159174,0.09355012754252584,0
0.1048882555656315,-0.0099913589656353,0.09274995894247934,0
0.10552991838193132,-0.010239744558930397,0.09079479345636532,0
0.10525705289889156,-0.011172891594469547,0.09077190752395255,0
0.10448879154564035,-0.0008304796065203846,0.09164613468883867,0
0.10760276955779285,0.000768710277043283,0.08987574543183326,0
0.10071149537860499,-0.008065282367169857,0.09143079600556853,0
0.10457705280229741,-0.00896885059773922,0.09353756714918025,0
0.10098437281468894,-0.008625786751508713,0.09354890759707074,0
0.10299178254911422,-0.008747028186917305,0.09373906298328569,0
0.10343762849296852,-0.009787479415535927,0.09288222287910392,0
0.10378440781576621,-0.009610604494810104,0.09232810891884459,0
0.10386402228787775,-0.009149117395281792,0.09196620107197935,0
0.1034270604116928,-0.009158502332866192,0.09136450435140855,0
0.10584262264089905,-0.010322989895939827,0.09214013014945592,0
0.10518881849704213,-0.010535613633692265,0.09277512320468402,0
0.10688119018121617,-0.011402309872210026,0.09318521634636481,0
0.10616286763259951,-0.011665435507893562,0.0932130679838906,0
0.1055152808444519,-0.012506308034062386,0.09324997818295794,0
0.10534513707210783,-0.012537822127342224,0.09322089242846833,0
0.1053480595088592,-0.012658720836043358,0.09233664774412327,0
0.10531386511021192,-0.012489346787333488,0.09183756041869108,0
0.1053919307533419,-0.013854811899363995,0.09100071500696301,0
0.1050452537740025,-0.013663184829056263,0.09197695264412999,0
0.10443438751721806,-0.013180701062083244,0.09273402783646245,0
0.09980041739372719,-0.013208538293838501,0.09390678781633902,0
0.0898513610912337,-0.013311706483364105,0.09553097326337033,0
0.08366921001634205,-0.012873297557234764,0.09580099816504008,0
0.08327651551610855,-0.012023525312542915,0.09793036457058656,0
0.08423810574395409,-0.010474113747477531,0.10063418430596621,0
0.0770938677108932,-0.00875736866146326,0.09853683426539848,0
0.07884162194136526,-0.007039645221084356,0.10228480780927533,0
0.08311508316132002,-0.004770039115101099,0.10275032247181524,0
0.08196883578372481,0.0009839317062869668,0.10630580262141885,0
0.08137991230453433,0.0025185532867908478,0.10465635776055947,0
0.08146918941168571,0.0018826993182301521,0.10352123276876994,0
0.0819362605119682,0.0014930431498214602,0.1029380176564076,0
0.08156492428214465,0.0012750399764627218,0.10272344479530077,0
0.08152724988912137,0.00117735774256289,0.10249193368113703,0
0.08133545826246676,0.0005693178391084075,0.10241563220705728,0
0.08077302683087083,-0.0004585359711199999,0.10124279898231531,0
0.0807718575318692,-0.0006449478096328676,0.10105145689826298,0
0.07984932237487243,-0.0008937991224229336,0.09977429884205948,0
0.07923396393428656,-0.001468622824177146,0.10101393480239221,0
0.07921289828500175,-0.0024843886494636536,0.10025750395386496,0
0.07969667861941047,-0.0031463508494198322,0.10077922898019542,0
0.07899659646392927,-0.00453939288854599,0.10006127064065158,0
0.07868080460501867,-0.008278045803308487,0.09961910561849753,0
0.08275116886889125,-0.009850083850324154,0.09911240961625604,0
0.08108332978842687,-0.009384652599692345,0.09804367496489631,0
0.08068360777054726,-0.009332802146673203,0.09598184747979367,0
0.08381516606638381,-0.008895284496247768,0.09655517782906951,0
0.08141964075523964,-0.008971145376563072,0.09843941978323381,0
0.0822988689751658,-0.009031585417687893,0.0987400775670443,0
0.08127459538028578,-0.00870912242680788,0.0980696460332679,0
0.08166842143571541,-0.008689450100064278,0.0982875052007378,0
0.08628059983454285,-0.005920846946537495,0.09890239727172638,0
0.08886197893425928,-0.004989358596503735,0.10022589232909798,0
0.09136401561728816,-0.005280643235892057,0.10309884462614119,0
0.09314011893837673,-0.005199868232011795,0.10655213913567496,0
0.09802296449488995,-0.005687021650373936,0.1084734341377187,0
0.10764742323845947,-0.0018126072827726603,0.1091046903539268,0
0.11228550703417817,0.00038547749863937497,0.11071518447495972,0
0.11744294909784485,0.005707460921257734,0.11025926338189646,0
0.11938586603719024,0.0069849519059062,0.10816867489858276,0
0.12847951457995832,0.002064032480120659,0.1618734466991779,0
0.1476162721645664,0.008814653381705284,0.1543325935216106,0
0.16040660130616077,0.010535279288887978,0.17347264085795888,0
0.16053959966702155,0.01059951912611723,0.18088671233740228,0
0.1675996723560882,0.0075474148616194725,0.1853618067016795,0
0.17400024384291718,0.006805945187807083,0.18578454876455605,0
0.17598800655989658,0.005664161406457424,0.18522351127366893,0
0.1776095896650204,0.008189992979168892,0.18596465383271507,0
0.1797218599400258,0.009801222011446953,0.19098758625356055,0
0.17712374857839525,0.011882436461746693,0.19272752060885445,0
0.17309487487137204,0.019939612597227097,0.19704453507172023,0
0.17727887014987612,0.0223705992102623,0.1997405198031385,0
0.1762707868025233,0.028318429365754128,0.20351429864295537,0
0.17026760395254062,0.03464585915207863,0.21169570531215032,0
0.1798968069676065,0.037672270089387894,0.21951205708040472,0
0.1906021613310377,0.03860319405794144,0.2255829389783206,0
0.1998728252169263,0.03485015779733658,0.22995776790555178,0
0.20180775502824394,0.033356450498104095,0.23457740580602052,0
0.20024628296186758,0.03381470590829849,0.23744254730810815,0
0.2020040475109484,0.03958140313625336,0.23984244930528192,0
0.20965951064902888,0.042899779975414276,0.2434069544713256,0
0.21219970662849777,0.04337901249527931,0.24400230037293433,0
0.23384731746371107,0.040735699236392975,0.24870399294879564,0
0.23742861812412905,0.0298311747610569,0.2515836536901686,0
0.24244981073203026,0.022037945687770844,0.25032154698668074,0
0.24295029660913792,0.018914178013801575,0.24663715519731483,0
0.23672987749548102,0.022987136617302895,0.24039571110682842,0
0.2517889376054795,0.02146463841199875,0.24899003171823697,0
0.2514131295275422,0.019847040995955467,0.25141102991940467,0
0.2557844191848383,0.019631054252386093,0.25959055656953484,0
0.2601479004956,0.019719833508133888,0.2645900666824114,0
0.2664856897556887,0.023105870932340622,0.27119112498517395,0
0.2697939008891237,0.023092931136488914,0.27983042346042336,0
0.2788410397224331,0.0318041630089283,0.28510526979742307,0
0.2828830628717211,0.03566964715719223,0.2884300071157305,0
0.28641466982970853,0.04480136185884476,0.2988818967583412,0
0.2994371091694547,0.051438283175230026,0.30874621959485143,0
0.3014010970041784,0.051734525710344315,0.3158101568069329,0
0.30548364555746327,0.053022004663944244,0.31523207177230944,0
0.3056506124427811,0.05599340796470642,0.31434477165583397,0
0.302606976359493,0.06192659214138985,0.31361390532686945,0
0.29425141978898806,0.06578154116868973,0.31321846006238985,0
0.2605458749962995,0.09525804221630096,0.28570300434637047,0
0.25955470917826673,0.08550595492124557,0.2729417566686244,0
0.23876987721163176,0.053746044635772705,0.2596124664900127,0
0.21151601687187704,0.047904856503009796,0.24067627466908226,0
0.2098975671914742,0.03837230056524277,0.22452862935892903,0
0.20940503087908152,0.0371251218020916,0.21429777933403804,0
0.1954993945546454,0.030262809246778488,0.2022119746190086,0
0.1897400493239004,0.029875781387090683,0.2016055492270867,0
0.19553270155234384,0.031141940504312515,0.19947514505838032,0
0.18959205965943113,0.02426813170313835,0.19741905079650557,0
0.1867770474335142,0.013556690886616707,0.19790968368869,0
0.1727798791033825,0.0012519988231360912,0.19127126770152356,0
0.16355452774908932,0.0008546930039301515,0.1759465420804686,0
0.15276491477099866,0.0014114304212853312,0.17061436516363382,0
0.14365651694176035,-0.004719684831798077,0.16358972219498902,0
0.13473153648193173,-0.004759049508720636,0.15886186369026883,0
0.1316471971542369,-0.007732531987130642,0.15266706949394182,0
0.13192281345356402,-0.011906586587429047,0.14635136483314304,0
0.12740303025279912,-0.011731474660336971,0.14076731915549556,0
0.11672551612210146,-0.011336622759699821,0.13866660342338596,0
0.11859068493730522,-0.01104398351162672,0.13691498980341407,0
0.1073726592463781,-0.0042463643476367,0.1361694154791993,0
0.10353992395195348,-0.003401321591809392,0.1281569985312604,0
0.10462808794186297,-0.0045036147348582745,0.1284436952260951,0
0.10572765114874173,-0.007106521166861057,0.12903247395359607,0
0.10826797984170577,-0.010963370092213154,0.12315972070173418,0
0.10443866322503943,-0.011153023689985275,0.12146361688469266,0
0.09312293396443475,-0.009880582801997662,0.11786700045547983,0
0.08288054610719651,-0.009791896678507328,0.10909033805468937,0
0.08859531898683744,-0.00199328176677227,0.08323273705135494,0
0.08531278696815196,-0.002469286322593689,0.0801760964369526,0
0.08218028026316987,-0.0024661715142428875,0.08529005601228831,0
0.08309837148495183,-0.007148026488721371,0.09393014395090696,0
0.08633868670638119,-0.00873534381389618,0.10905643628706098,0
0.1490802323631809,0.020781435072422028,0.16725968669189392,0
0.18307873688573525,0.035623352974653244,0.18965441184291335,0
0.19461712113117263,0.05244796350598335,0.21571621075420064,0
0.1838640857450555,0.07065637409687042,0.22722558230512946,0
0.17509912569724642,0.07557587325572968,0.2394227891597261,0
0.15590296458989358,0.07251812517642975,0.23644113268392378,0
0.10393423026945302,0.07052476704120636,0.23126723426879967,0
0.08709356408100026,0.05222485214471817,0.218165230297589,0
0.12557295168607543,0.029849683865904808,0.20700401983576316,0
0.14542263203166092,0.01696760579943657,0.19121394654925228,0
0.15497900061147807,0.0163610577583313,0.1847043988515407,0
0.1531258341123236,0.01190706342458725,0.17798296012689,0
0.1562846283573645,0.00475434772670269,0.17466402323216007,0
0.14817721002761575,0.006135994102805853,0.17611537572609873,0
0.15450256637232682,0.005855998024344444,0.17428611048689172,0
0.14831442639209785,0.004182951059192419,0.17372160258296823,0
0.1579338995044555,0.002030344447121024,0.17050230184313941,0
0.159191290253513,0.0016444515204057097,0.17020675195132387,0
0.1553000165011817,0.0009034652030095458,0.17053038574760454,0
0.15202258837557586,0.0009409337071701884,0.1710171872807466,0
0.15570911077520727,0.0009926677448675036,0.1699101234961499,0
0.15859878087076504,-0.004941878374665976,0.17032570466439292,0
0.15745194454091688,-0.004513678140938282,0.16886085449004465,0
0.15918008485253896,-0.009154395200312138,0.1677798801004222,0
0.16125320533117407,-0.008840073831379414,0.1687127580387383,0
0.1611201431541364,-0.008863183669745922,0.16756403314563323,0
0.15962836647305959,-0.008839035406708717,0.1665676169146156,0
0.15345837493437423,-0.0031933120917528868,0.16664262137084213,0
0.14899957353957044,0.007835423573851585,0.1641266935395304,0
0.14927308559046454,0.00592553336173296,0.16424500438993317,0
0.15134536949897814,0.000689056352712214,0.16427383467967865,0
0.15313997452887965,-0.004531278740614653,0.16383693062806504,0
0.15272702895702506,-0.006837925408035517,0.16497485019871716,0
0.15775162547213883,-0.013668184168636799,0.16490523816998515,0
0.15451182900655203,-0.013427610509097576,0.16425840037997827,0
0.15586397981223832,-0.013494307175278664,0.16191828973761743,0
0.15568801702233787,-0.01327484380453825,0.16303926545960296,0
0.15598211189659314,-0.01312700379639864,0.16311359542361778,0
0.1540341678406412,-0.011916336603462696,0.1629411829942722,0
0.15537705735652843,-0.012443030253052711,0.16395010561409745,0
0.15384688017158546,-0.012427723966538906,0.1636141689826427,0
0.15398990135047586,-0.013529680669307709,0.16344400159374234,0
0.1522105940837057,-0.013605223968625069,0.16406742979143465,0
0.15159842307196653,-0.011814619414508343,0.16380102429665708,0
0.15132982424758756,-0.011813036166131496,0.16359099340531288,0
0.15474719080639554,-0.011850257404148579,0.16298643033388674,0
0.15368922322353373,-0.011472621001303196,0.16274373200963627,0
0.15676079153979386,-0.010911221615970135,0.16264844463358352,0
0.1568135447538718,-0.009398886002600193,0.16176317131168105,0
0.15376771167681474,-0.007726557552814484,0.16259687738969397,0
0.15200863119911268,-0.006784164346754551,0.16161934289220115,0
0.1495267014111691,-0.008432747796177864,0.1608220383449626,0
0.15017266522346562,-0.00972847267985344,0.16093312129455645,0
0.15347851483287797,-0.011612402275204659,0.16081227192526454,0
0.1561858664625138,-0.009483203291893005,0.16175625070995525,0
0.15696224411458146,-0.008832670748233795,0.16064482114231346,0
0.15753786265281416,-0.008849980309605598,0.16016713061356505,0
0.1609900127503234,-0.011216389015316963,0.1605991804091425,0.01
0.1601140849524372,-0.009910782799124718,0.16067535351356863,0.02
0.1602208327211814,-0.009004847146570683,0.16116300292840519,0.03
0.16326287124674332,-0.008385110646486282,0.16080072193227582,0.03
0.16647352296462,-0.008970609866082668,0.16026438522559025,0.03
0.1652762283529022,-0.008876452222466469,0.15994656419334838,0.03
0.1696634335535381,-0.008872522972524166,0.16199290759869364,0.03
0.17237935458945902,-0.008230612613260746,0.16159062391232842,0.04
0.1731704621015546,-0.007931242696940899,0.16130989869436896,0.04
0.17410050567562804,-0.007839221507310867,0.16102619029371248,0.04
0.1758372306615584,-0.007083524018526077,0.1606919482340855,0.05
0.17681044197291315,-0.0062587810680270195,0.16096713636480725,0.06
0.17791170487168315,-0.0051759290508925915,0.1613564949930959,0.06
0.18103565570365998,-0.005175945349037647,0.16138523485886802,0.07
0.18219647161783162,-0.0051420265808701515,0.1615826360769225,0.08
0.18443851349512025,-0.005165997892618179,0.16218844052821157,0.09
0.18615531139075836,-0.005426459945738316,0.1634782312785213,0.09
0.18673439263383645,-0.005449111573398113,0.16430275700339897,0.1
0.1867915498393924,-0.005437666550278664,0.1620073317034012,0.11
0.18642502745732237,-0.00605210242792964,0.1626422477247856,0.12
0.18865839318172753,-0.006541115697473288,0.16345279917829683,0.12
0.18423105625580777,-0.006009467877447605,0.16376171130223005,0.14
0.18237854609820092,-0.006856323219835758,0.16302798191643614,0.17
0.1803359528905827,-0.008628513664007187,0.16211922549566515,0.19
0.17915781290707633,-0.010149325244128704,0.16178789233857985,0.22
0.17869320685630172,-0.01050485111773014,0.16071987866471849,0.22
0.17880648320524625,-0.010856042616069317,0.16138453250806148,0.23
0.18195185075579215,-0.0108420941978693,0.16172799031083543,0.23
0.18280010741203206,-0.01055100280791521,0.16247902531473862,0.23
0.1835289504907457,-0.010292956605553627,0.1622588681449771,0.23
0.18370321327905634,-0.010287262499332428,0.16211606549015606,0.23
0.1836283464835667,-0.010108405724167824,0.16246914702889492,0.23
0.18293796054334066,-0.009874234907329082,0.1613446977866597,0.23
0.1835260889579368,-0.009864477440714836,0.1611454147518078,0.24
0.1828720334429802,-0.009935934096574783,0.16128737509991217,0.25
0.1830141956257793,-0.009427417069673538,0.16131737671093202,0.25
0.18281807828523744,-0.009745169430971146,0.1609180259358632,0.26
0.18174100312770539,-0.009720107540488243,0.1604974065887684,0.27
0.18223920522954953,-0.008722981438040733,0.16128486003136708,0.27
0.1823415262624238,-0.007508252747356892,0.16267199585986522,0.28
0.18092952974063156,-0.007650919258594513,0.16113381856461356,0.29
0.18408821327575564,-0.006348396651446819,0.16166092985690855,0.29
0.1838067935183559,-0.00634960550814867,0.16288676092805593,0.31
0.183877033783557,-0.006927543319761753,0.16326776930888898,0.32
0.18470356352444667,-0.007723522838205099,0.1636262936945321,0.32
0.1850705175110783,-0.007887997664511204,0.16381490090918652,0.33
0.18518407677764992,-0.008327157236635685,0.16351782414897806,0.33
0.18563471103240964,-0.008555308915674686,0.16336380999116806,0.33
0.18591793913467558,-0.008605793118476868,0.1633138834423065,0.33
0.1856464124462823,-0.008798524737358093,0.16310504387085667,0.33
0.18704155446732254,-0.008553280495107174,0.16240707322076112,0.33
0.18752272953459076,-0.007728119846433401,0.16254435483081264,0.33
0.1867261672108297,-0.00779101112857461,0.16310519359358183,0.33
0.1870389785711204,-0.00783870555460453,0.16337711448594372,0.33
0.18665215277252936,-0.008200508542358875,0.1642125224745774,0.33
0.18567591709353692,-0.00824121106415987,0.1643311049572105,0.33
0.18704104477201317,-0.007873544469475746,0.1646640618137152,0.33
0.1875544188494218,-0.007793795317411423,0.16409131114944625,0.33
0.18745815166308047,-0.007797647267580032,0.1641360485041369,0.33
0.18711262921501223,-0.00776049355044961,0.1637082824993613,0.33
0.18636213181480407,-0.0076089524663984776,0.16393515166032815,0.33
0.18418015215907302,-0.0075815892778337,0.16425901301606385,0.33
0.18342972839877889,-0.008670427836477757,0.16621225881572488,0.33
0.18213512513052973,-0.0072462065145373344,0.16757668869272582,0.33
0.18081904649868308,-0.005400770343840122,0.16900471949655987,0.33
0.18061875558829776,-0.0054117231629788876,0.1654725095579061,0.33
0.18051477927380657,-0.005582757759839296,0.1653976642704191,0.33
0.18018471491989224,-0.0058867740444839,0.16471551199876833,0.33
0.18163420215269288,-0.005497516132891178,0.16521972019881942,0.33
0.18130787704701093,-0.005383840762078762,0.1659652588301392,0.33
0.1788791118629274,-0.005014914087951183,0.16740908044065148,0.33
0.17862812837333264,-0.0058790938928723335,0.16865232533188032,0.33
0.17868964753166525,-0.005940261296927929,0.16708088654667538,0.33
0.18130036372721128,-0.005164089612662792,0.16680974994391728,0.33
0.18112763157691095,-0.004430647008121014,0.1700195444961489,0.33
0.1811243668328348,-0.004642016254365444,0.17028154935718226,0.33
0.18092452059980788,-0.008055685088038445,0.16962458623456833,0.33
0.18082877583469692,-0.00878983549773693,0.16869073286928363,0.33
0.18128697727892673,-0.008889411576092243,0.16878040913917836,0.33
0.18122524619006408,-0.008982831612229347,0.1669573383430033,0.33
0.1812170551217557,-0.008964147418737411,0.1661519840719264,0.33
0.18126355773007155,-0.00893415417522192,0.1660066893184595,0.33
0.18693488288864277,-0.00304759806022048,0.1698194880124146,0.33
0.18566403112184493,-0.0077078514732420444,0.17628974326557406,0.33
0.18327325683639814,-0.011792860925197601,0.1737412349633962,0.33
0.17887406250189314,-0.018858421593904495,0.1661950392883548,0.33
0.1787335924328987,-0.018101319670677185,0.16205375167762895,0.33
0.16979154172337818,-0.01769092306494713,0.15018425955806514,0.33
0.16950152615073139,-0.017540771514177322,0.14473182251692632,0.33
0.16168840196848655,-0.017341846600174904,0.13644612844459741,0.33
0.15792173116327735,-0.017208175733685493,0.1315221038067255,0.33
0.1472994950441153,-0.01718144305050373,0.12482320482857957,0.33
0.1408955292501604,-0.017616983503103256,0.12321700167547528,0.33
0.140970127491165,-0.01860501989722252,0.11903455295120433,0.33
0.1410519975189248,-0.018585938960313797,0.12094057037661662,0.33
0.1432569138967424,-0.018575850874185562,0.12411027503873596,0.33
0.14417571270791724,-0.01728801056742668,0.12897581511908232,0.33
0.14468052650596153,-0.011338553391397,0.1377031568940816,0.33
0.1679829445423937,0.02218630537390709,0.15141272189632984,0.33
0.17800772124061293,0.02018296718597412,0.1629354527540794,0.33
0.201053672266502,0.04609609395265579,0.18839521819963193,0.33
0.2182947102569695,0.057579003274440765,0.21816168384174742,0.33
0.2634079103045668,0.055492084473371506,0.24230231987371217,0.33
0.2504316582780993,0.04822429642081261,0.23878718944036975,0.33
0.240569992089835,0.01483894418925047,0.1694416752524203,0.33
0.2397369482388747,-0.00006760203541489318,0.15217555731754975,0.33
0.2456979695149343,-0.005991912446916103,0.1562614732737331,0.33
0.24128152719268012,-0.013530594296753407,0.1530893100490487,0.33
0.22722206593747732,-0.011964530684053898,0.15449439739755275,0.33
0.2012644043252443,-0.008234042674303055,0.15616666711592572,0.33
0.19143966678520782,-0.010855584405362606,0.16126089890391926,0.33
0.1905592582608244,-0.011884884908795357,0.1678802629516073,0.33
0.19085437288052562,-0.011713549494743347,0.17656439993727535,0.33
0.1942941609361755,-0.0055169956758618355,0.17870504890730027,0.33
0.18621445191325064,-0.002635164652019739,0.17141022582846108,0.33
0.18324860168613788,0.011459147557616234,0.1772215140251143,0.33
0.18367984098041334,0.03709670156240463,0.1907202569260057,0.33
0.18597855926719728,0.04896159842610359,0.20425302857765393,0.33
0.20544994244220036,0.07616628706455231,0.20848094238403417,0.33
0.2106109373692155,0.08480315655469894,0.2058646498284436,0.33
0.2108742709572712,0.07397283613681793,0.20929082649203257,0.33
0.21960612349512548,0.06989001482725143,0.2097225879675614,0.34
0.21680541170923484,0.05340627580881119,0.20448059504325125,0.36
0.21782595918601158,0.042847659438848495,0.2015629049381059,0.38
0.21567501684652857,0.03279988840222359,0.19501839843619984,0.4
0.21738176159093803,0.029567787423729897,0.19050421030412695,0.42
0.21593089267466556,0.02781161293387413,0.18767471452835646,0.43
0.21959839818095292,0.02801494672894478,0.18510478008867973,0.46
0.21880853769141462,0.027003338560461998,0.18500112014243766,0.5
0.2155450964885064,0.024908961728215218,0.18427655433872453,0.53
0.21599694322942323,0.02250518463551998,0.18500505491411376,0.55
0.2175756403390841,0.022077757865190506,0.185474489889765,0.56
0.21667707571328,0.020710261538624763,0.18478025663435138,0.56
0.21649570830625242,0.02017308585345745,0.18412337686694305,0.57
0.21639129268152776,0.019351501017808914,0.18398102015318027,0.57
0.2165854791390677,0.019911611452698708,0.18688920413289953,0.57
0.22561434786392942,0.02394520863890648,0.19005494598008707,0.57
0.22784694209965622,0.02452273480594158,0.19097264011658466,0.57
0.2294743004244454,0.024779725819826126,0.1894911015463494,0.57
0.22996730684344227,0.024890368804335594,0.18871206593111928,0.57
0.23137035657812424,0.02719278261065483,0.18928994056258167,0.57
0.23484975212324938,0.03041691519320011,0.18987767593459376,0.57
0.23867611907672764,0.03255845978856087,0.1928398126180929,0.57
0.24665765333745857,0.04314238205552101,0.19486091217354262,0.57
0.249955169443544,0.04406587779521942,0.19471415214180096,0.57
0.25407921618065005,0.04338080808520317,0.1931958414142938,0.57
0.25366103515908983,0.043141920119524,0.1929298308138659,0.57
0.25079468589525894,0.04160330817103386,0.19277168043251067,0.57
0.2475326215396216,0.03963865339756012,0.19140607213711322,0.57
0.2450135246772899,0.03889106214046478,0.19152644180125378,0.57
0.23945640418950506,0.03739236295223236,0.19186421891322286,0.57
0.22676425739459752,0.03514900803565979,0.19405888515186082,0.57
0.22525171222721754,0.03536379337310791,0.19452383918183846,0.57
0.22409795737837018,0.03205088526010513,0.19404396788432277,0.57
0.22482186595452844,0.030712971463799477,0.19191427588635632,0.57
0.22553223287427346,0.03006046637892723,0.19052584577776777,0.57
0.2277425950873121,0.03022145666182041,0.19041413330220908,0.57
0.23095035035981396,0.031240761280059814,0.19131131374326193,0.57
0.23218241673801532,0.030636003240942955,0.1901508379393928,0.57
0.23010503749733047,0.030123982578516006,0.18838505257633534,0.57
0.22343913860988848,0.02371455356478691,0.18589467290411962,0.57
0.2120460998544296,0.016346730291843414,0.17939839157582402,0.57
0.20618985714131308,0.007702725939452648,0.17946655092687458,0.57
0.20143633068466058,0.004528205841779709,0.17694968999690444,0.57
0.19968720649838187,0.0027848209720104933,0.17037279098003247,0.57
0.19713645593070264,0.0034736923407763243,0.1667138552196205,0.57
0.19362609992651508,0.0034900654572993517,0.16352219894819447,0.57
0.18605558834499208,0.002562312176451087,0.15818351703249148,0.57
0.18301902256550573,0.0001852605928434059,0.15428194401170994,0.57
0.1814635922411652,0.0026222756132483482,0.15356557614848956,0.57
0.17711004163629623,0.004077396355569363,0.14946998489957614,0.57
0.16849370493567797,0.009659663774073124,0.15150930311369806,0.57
0.17419647333209967,0.017031611874699593,0.1506770793134886,0.57
0.17965463524860764,0.023051617667078972,0.15836305631891007,0.57
0.18458082615515303,0.02888081967830658,0.16436472002880678,0.57
0.1884923069089818,0.03720343858003616,0.16905238083392468,0.57
0.19590123096150455,0.045796215534210205,0.17231693351835728,0.57
0.19930717429580752,0.050801992416381836,0.17842559714111536,0.57
0.20035676117862886,0.0615587942302227,0.1881165750990535,0.57
0.20655912995523867,0.0786285474896431,0.21066818311879848,0.57
0.20361609321982646,0.08206682652235031,0.22238847995638594,0.57
0.2044659983265348,0.10934238135814667,0.2301121810288664,0.57
0.20433360135172218,0.11305423080921173,0.23831471661035178,0.57
0.1994730222355302,0.11398433148860931,0.2367799239861386,0.57
0.20112309940911358,0.11022935807704926,0.23684698617216665,0.57
0.22317664406037085,0.07591664791107178,0.22210251388824803,0.57
0.216200170584768,0.0384083092212677,0.19977070568494132,0.57
0.198097087489247,0.018839070573449135,0.1773242494481924,0.57
0.13865334228601064,-0.011594021692872047,0.11846201713242725,0.57
0.12342430154314664,-0.014577589929103851,0.10494468291390274,0.57
0.11549736153014646,-0.014477637596428394,0.09738992552704537,0.57
0.10378664737886881,-0.01519786100834608,0.09239837985182403,0.57
0.10098144597174293,-0.015412883833050728,0.08823999663577117,0.57
0.09731702624020443,-0.013970481231808662,0.07707830129862954,0.57
0.09432421121888818,-0.01148418802767992,0.07272688418209275,0.57
0.09116017384053503,-0.010048113763332367,0.07310508058989058,0.57
0.08826593486668138,-0.006126550026237965,0.06967961525600015,0.57
0.08582951843318758,-0.0026763256173580885,0.06649598008763424,0.57
0.08406502156668728,-0.0009615902090445161,0.06588918273537207,0.57
0.08525477206784925,0.00035341881448403,0.06481831526050763,0.57
0.08532359094289964,-0.0005074917571619153,0.06630075116159925,0.57
0.08513382910028751,-0.0007257849210873246,0.06649656067042999,0.57
0.08646361678625065,-0.0010997464414685965,0.06795187185217212,0.57
0.08747871555197895,-0.002929973416030407,0.07061014662575071,0.57
0.08938427850695821,-0.0076640211045742035,0.07321202232851276,0.57
0.09511937152024033,-0.011198106221854687,0.07777500201438559,0.57
0.1028178275767956,-0.013144892640411854,0.08215853021220285,0.57
0.10825237572656354,-0.01582626812160015,0.0908281317937432,0.57
0.11580056250171909,-0.019634846597909927,0.09885663403534346,0.57
0.12117197788257959,-0.020475488156080246,0.10561270561817128,0.57
0.12734162571673469,-0.019206583499908447,0.10619824885602848,0.57
0.12824092229601886,-0.01057544257491827,0.10983357597544932,0.57
0.14330469152297062,0.0027487394399940968,0.12469355784120979,0.57
0.14413757863169427,0.0042572664096951485,0.1258533011758672,0.57
0.14741994641114475,0.020508434623479843,0.13534157768208735,0.57
0.1486183903138717,0.034396763890981674,0.14130357273953373,0.57
0.14393636006256547,0.038079798221588135,0.14168072231169318,0.57
0.1481655650874002,0.05987251549959183,0.14757891431523978,0.57
0.14111043488925787,0.0774751752614975,0.158222526918026,0.57
0.1458224096404078,0.08585428446531296,0.16124741398085582,0.57
0.14941025830833476,0.10095237195491791,0.1689879905476922,0.57
0.16041148153234847,0.10166783630847931,0.16948427147462636,0.57
0.14796683913877046,0.11034621298313141,0.17702351238006783,0.57
0.17651155764815682,0.09101490676403046,0.16815609830668674,0.57
0.18462457136979557,0.06914490461349487,0.16926637530087066,0.57
0.18183646447722396,0.05336100980639458,0.1676801443556459,0.57
0.18091297072266294,0.037058331072330475,0.1649185817705084,0.57
0.17760649429706898,0.017778407782316208,0.15987716175071928,0.57
0.17442727088490315,-0.001680462621152401,0.15680251688297858,0.57
0.17566121158005088,-0.0009113408741541207,0.1473482464971883,0.57
0.1616137161307252,-0.003207700327038765,0.1416814120913885,0.57
0.15903683633594778,-0.011494399979710579,0.1384687779859762,0.57
0.15574445770616846,-0.016969261690974236,0.14134031409081343,0.57
0.1528409423239084,-0.02030731923878193,0.13151376963913294,0.57
0.15397841372205717,-0.018330741673707962,0.12300046619258051,0.57
0.14987596971172237,-0.02253103069961071,0.11804492665688221,0.57
0.1453129036625317,-0.021511424332857132,0.11336709416960095,0.57
0.14956727533498893,-0.013964628800749779,0.11376436491350475,0.57
0.1492880058401269,-0.0020031598396599293,0.11275541561137371,0.57
0.14990138333709804,0.001649198355153203,0.11818066075896123,0.57
0.14947774658364513,0.005024303216487169,0.11788389339017089,0.57
0.14649012463111744,0.005786106921732426,0.1212008960410149,0.57
0.15018031503545884,0.006607597228139639,0.11656485412020934,0.57
0.14791222412141816,0.0072683775797486305,0.11884484842744039,0.57
0.15343773067328975,0.006751199718564749,0.11720782230346415,0.57
0.15163976072806276,0.005388705525547266,0.11874561886151686,0.57
0.1506547178194299,0.00559932179749012,0.1190170343164399,0.57
0.15054216037288823,0.0032797097228467464,0.12205451506380476,0.57
0.15418506555328834,0.0018708758288994431,0.1274698914979958,0.57
0.1536887247504744,0.0003144807124044746,0.13049801838741076,0.57
0.152989139779727,0.00030174892162904143,0.12994675176882123,0.57
0.15721659323319498,-0.00015699677169322968,0.14022965816015004,0.57
0.15455962358644318,-0.00823372695595026,0.14557707176251933,0.57
0.15182487755572457,-0.014435285702347755,0.13908457376824312,0.57
0.1564166636083268,-0.01993994042277336,0.13742375009218538,0.57
0.16191054609216413,-0.02113370969891548,0.13582546885525368,0.57
0.16434598574923048,-0.02038312517106533,0.14362388763057146,0.57
0.1700188803489166,-0.015930935740470886,0.14735339717106516,0.57
0.17661230702350214,-0.013044873252511024,0.1441626945306288,0.57
0.189163019455805,-0.005145648960024118,0.17011306376379406,0.57
0.2034324097619057,-0.00364319933578372,0.1757700246058731,0.57
0.21397107190527892,0.006131646689027548,0.17691222316299232,0.57
0.21330995034009528,0.013215172104537487,0.18164527464170432,0.57
0.2113367098572891,0.011455204337835312,0.18126611875472762,0.57
0.21109678408233154,0.0034848167560994625,0.17858374405424776,0.57
0.2097754953743695,-0.00034897917066700757,0.17365564427432092,0.57
0.21004855995394042,-0.0035325444769114256,0.1721548395077349,0.57
0.21039769421483773,-0.0029139542020857334,0.17120381576566449,0.57
0.20660520227215828,-0.0020256100688129663,0.1664607619650293,0.57
0.20135809138849015,-0.0013615424977615476,0.16488413510320726,0.57
0.19827303388483875,0.004503536503762007,0.16571249087233036,0.57
0.19855251405988197,0.013389411382377148,0.17123802596075216,0.57
0.20412141220889635,0.026516545563936234,0.17549143023832847,0.57
0.2078061936581383,0.03212561458349228,0.18068109656882528,0.57
0.21176817374429546,0.039581455290317535,0.18966704688647995,0.57
0.2268309500250852,0.04742755740880966,0.1959925458799653,0.57
0.2348671588311198,0.04754706472158432,0.2018623223377802,0.57
0.251793205836299,0.048860542476177216,0.21347411401552163,0.57
0.27978465701571636,0.04818297550082207,0.23352059827385305,0.57
0.2869864751224796,0.050056688487529755,0.24430451031496692,0.57
0.295727039989652,0.05164207145571709,0.25837612351365075,0.57
0.30878841720181804,0.05260976403951645,0.26711302573433543,0.57
0.31003587691744144,0.052458010613918304,0.27169494805295297,0.57
0.31359626076927577,0.05223383754491806,0.27291098470505115,0.57
0.3156127146600413,0.05034183710813522,0.2755174282028772,0.57
0.31214675841472,0.04711524769663811,0.27770252849776994,0.57
0.3020930371716975,0.044583145529031754,0.2756292762643778,0.57
0.30195327152395085,0.040115080773830414,0.2817188061938491,0.57
0.29754363541888684,0.04037506505846977,0.28753152070460886,0.57
0.32330532940095985,0.04524404928088188,0.2909212690962212,0.57
0.33909928632886904,0.04764143377542496,0.2943268192084425,0.57
0.33041099492079956,0.04766746982932091,0.29213455617348505,0.57
0.32417230660287166,0.04772600531578064,0.28073251404409666,0.57
0.30549984633109056,0.05067744851112366,0.2653631023538391,0.57
0.2550263031857506,0.049588996917009354,0.22335538222879378,0.57
0.22567791979400423,0.038922496140003204,0.19903597570936948,0.57
0.20978692865326945,0.023388696834445,0.18521874086241685,0.57
0.17866228329648265,0.017594242468476295,0.1588643084788811,0.57
0.16103409244599715,0.00914229080080986,0.1420081030336111,0.57
0.14841388307148284,0.004950216971337795,0.12347488149598206,0.57
0.14472566060251985,0.005553399212658405,0.11998826512653332,0.57
0.14144927212112918,0.00003350306724314578,0.114524135387247,0.57
0.13499983874045732,0.0004266452160663903,0.11269788408595356,0.57
0.13117363343025876,-0.0004788550431840122,0.11579601734828783,0.57
0.13929581749425715,0.005702923983335495,0.12711524744496788,0.57
0.14805623049135055,0.011256911791861057,0.12374131952465932,0.57
0.16065324540132842,0.01872720755636692,0.1346000578437325,0.57
0.1699748517081455,0.02542482689023018,0.13493250345846017,0.57
0.17751610117457697,0.028888747096061707,0.13648504896302716,0.57
0.1819648088326448,0.031730055809020996,0.1363788719069311,0.57
0.1799375944157696,0.030238468199968338,0.13715108585907995,0.57
0.18182103599138794,0.029394734650850296,0.13821464268422515,0.57
0.19030269025513707,0.02908708155155182,0.14079016374135653,0.57
0.19166742004677437,0.028706159442663193,0.14310230710269606,0.57
0.19365738891194204,0.028607945889234543,0.1439402116437897,0.57
0.19819372616578862,0.02916666306555271,0.14658300086655587,0.57
0.2028658381784482,0.030187448486685753,0.14838178625754325,0.57
0.2077333828154683,0.03152080625295639,0.15132331231068039,0.57
0.20272190459417794,0.031093979254364967,0.15045497126580856,0.57
0.2020642169236611,0.03040746971964836,0.1507757593503307,0.57
0.20225946319677715,0.029497971758246422,0.15070416927124644,0.57
0.20388434023536361,0.030512934550642967,0.15390100937838377,0.57
0.20347440833621488,0.030707677826285362,0.15253318902997906,0.57
0.20293537714897605,0.030656462535262108,0.15204593172682984,0.57
0.20131292789944424,0.03060998022556305,0.15088608587151087,0.57
0.19874843527279834,0.03049907647073269,0.15090092332108546,0.57
0.19830087993789197,0.03048616088926792,0.15013303073693313,0.57
0.1963079008511736,0.02975858747959137,0.15101028692309765,0.57
0.1969105011245387,0.02975955605506897,0.1503178584345223,0.57
0.19481374245973604,0.02956840954720974,0.15032193814896203,0.57
0.1943155718707469,0.028237413614988327,0.14948967994894596,0.57
0.19291810975707924,0.027606859803199768,0.1487465820464213,0.57
0.19157011203845345,0.027483170852065086,0.14830430845130793,0.57
0.19206288470106564,0.027333304286003113,0.14643131941799228,0.57
0.1925125063476399,0.028162717819213867,0.1470596799489048,0.57
0.19554570289000467,0.02855931781232357,0.15103235860127337,0.57
0.20139610459895355,0.03234352171421051,0.1591283088945569,0.57
0.20845976467722074,0.0360550582408905,0.16583769649215546,0.57
0.2064062986386455,0.04088083654642105,0.17241103461159932,0.57
0.21396085821426247,0.05564600229263306,0.1922192023452488,0.57
0.22780957556964423,0.0626523569226265,0.2078436143650796,0.57
0.2360546411287795,0.0637788251042366,0.21181104250981117,0.57
0.23789288073446607,0.06441537290811539,0.2183233204995777,0.57
0.24404991279025454,0.06775049865245819,0.22253385485189975,0.57
0.25020742469450163,0.06927622854709625,0.22641907420163349,0.57
0.2566849491587764,0.06940153241157532,0.23429541349439967,0.57
0.2585823382039518,0.0690547525882721,0.2408921270222315,0.57
0.2660258174199127,0.0723518580198288,0.24875272074128507,0.57
0.26678905024240174,0.07217590510845184,0.26114902404668483,0.57
0.2611346740979853,0.06710517406463623,0.25384534509490597,0.57
0.2523701913211059,0.05870289355516434,0.2336952092372406,0.57
0.23774550113105955,0.052494585514068604,0.21460932666799376,0.57
0.2323076255916525,0.045355312526226044,0.19632254274279437,0.57
0.22623508796046674,0.0391424186527729,0.18409859532674552,0.57
0.215976765592103,0.03394009917974472,0.16923061942603423,0.57
0.21255229886469768,0.032140158116817474,0.1664108213854685,0.57
0.20809933862648333,0.031949713826179504,0.1613071525983292,0.57
0.20638377433649246,0.03213177248835564,0.1581811601552276,0.57
0.2048846193192361,0.032311536371707916,0.15639340192757709,0.57
0.20532470572015193,0.033226631581783295,0.15670148034938,0.57
0.205371031694464,0.03378710895776749,0.15595133940641986,0.57
0.2071844753141084,0.03609633445739746,0.15766118538944884,0.57
0.20942301875368535,0.036672499030828476,0.15890826146399306,0.57
0.21292243882204617,0.03682876378297806,0.16087777031853676,0.57
0.2194094976090836,0.039322059601545334,0.1649365950806649,0.57
0.22220883759301963,0.03984259441494942,0.16466061007963198,0.57
0.225339160668364,0.04003332927823067,0.16308460555547544,0.57
0.22604150979181792,0.03994842618703842,0.16508650913798373,0.57
0.22459161070741226,0.040400050580501556,0.16562632523749235,0.57
0.22627442356169786,0.0406794473528862,0.16673466825211183,0.57
0.22900347851421127,0.040801115334033966,0.16796714762822307,0.57
0.2288813990002208,0.04002906009554863,0.16756775968525778,0.57
0.22787904623638697,0.03980858251452446,0.16775089086630127,0.57
0.22543281992796615,0.0398031584918499,0.17132239505580135,0.57
0.22862563391926655,0.040976233780384064,0.16996261038687163,0.57
0.22873506206797867,0.041044704616069794,0.16971745389364146,0.57
0.23039286463033326,0.039650242775678635,0.1699393832271446,0.57
0.2278399311251186,0.03749246150255203,0.17004538851608855,0.57
0.2245953587719169,0.036853156983852386,0.1689455410157674,0.57
0.2227187355986888,0.03592679649591446,0.1692028672526523,0.57
0.2220288086783234,0.035937778651714325,0.16914779028216254,0.57
0.22174005622159937,0.036381326615810394,0.16988143289264768,0.57
0.21953096305509792,0.029583310708403587,0.1710289459709715,0.57
0.213060993716549,0.025050943717360497,0.16053487553533166,0.57
0.21279131674070878,0.024541722610592842,0.1634773134223769,0.57
0.21120146876899923,0.022956224158406258,0.16222604378143132,0.57
0.2106550817301078,0.023244503885507584,0.16301409914438866,0.57
0.21112693119914633,0.02346115931868553,0.16304845003282958,0.57
0.2109202019082485,0.023970920592546463,0.16236815729852896,0.57
0.20905488100567193,0.025141527876257896,0.16090200472599697,0.57
0.210673922416981,0.02474469691514969,0.15962710405810338,0.57
0.20525917332750354,0.023364555090665817,0.1581071047375392,0.57
0.20547397277373466,0.023451989516615868,0.15827537801161073,0.57
0.20527447847064142,0.023298170417547226,0.15779534069559628,0.57
0.2067971354526042,0.023350931704044342,0.1584429672413741,0.57
0.2067277295453084,0.022958070039749146,0.1602692517628659,0.57
0.2092021644305924,0.018892424181103706,0.15801465398885128,0.57
0.20052859219399644,0.01752123236656189,0.16059197591749597,0.57
0.20062960283710368,0.01642138510942459,0.16088020087456106,0.57
0.2029636712316513,0.013204284012317657,0.1592423969150738,0.57
0.20341907149419602,0.01003502681851387,0.15877227088748128,0.57
0.20351068417138188,0.010787930339574814,0.1605047238798952,0.57
0.2044655033692921,0.013440127484500408,0.15971910473316583,0.57
0.2048197906784499,0.013504700735211372,0.15955874057830147,0.57
0.2056321076396667,0.013202331960201263,0.15974888266580875,0.57
0.2049956458601726,0.011085981503129005,0.15986432326538283,0.57
0.20559846060147538,0.010444676503539085,0.1592642926296661,0.57
0.2055261472523187,0.010248629376292229,0.15914547509912524,0.57
0.20406459310945635,0.011324872262775898,0.16013594669622794,0.57
0.2066630299541275,0.012094817124307156,0.1611524259282014,0.57
0.2062434781353099,0.012115856632590294,0.16153430421356685,0.57
0.20671378764620182,0.012058352120220661,0.1614697287246573,0.57
0.2068660630314145,0.012142477557063103,0.1616571518279721,0.57
0.20486792731050996,0.011084137484431267,0.1612471368754155,0.57
0.20572109786356993,0.01235937513411045,0.1614820453576548,0.57
0.20583460032259518,0.012403803877532482,0.1614313630330213,0.57
0.20620820467358128,0.012893302366137505,0.16184631095578597,0.57
0.20739231301145505,0.014110053889453411,0.16397341771844517,0.57
0.20971507590607216,0.012646609917283058,0.1605677675401239,0.57
0.20951946818057415,0.013286814093589783,0.16528302885053994,0.57
0.2091692285417673,0.015398298390209675,0.16543720068629986,0.57
0.20793003373259425,0.016956400126218796,0.16436992562488068,0.57
0.20903714450114957,0.017327452078461647,0.16360058086674986,0.57
0.20864341099406172,0.01909066177904606,0.16361048499365985,0.57
0.20963723908796345,0.019708016887307167,0.1638440574412964,0.57
0.2097472385936575,0.01999124139547348,0.1639112462964526,0.57
0.20928596825069448,0.01997305266559124,0.1640231891629677,0.57
0.20888548949300936,0.019938085228204727,0.16406452841320637,0.57
0.20866433189548583,0.019831005483865738,0.16406510787491055,0.57
0.20964927060260807,0.020396118983626366,0.16452554515053952,0.57
0.21139880064275,0.02278473787009716,0.1656861930583158,0.58
0.22219334284714512,0.03174798935651779,0.16703785993094541,0.59
0.22915462445023285,0.03625580295920372,0.16891055748263428,0.59
0.2337493064998791,0.03780324384570122,0.16996904225408793,0.59
0.23459950675076482,0.0381043441593647,0.17001513782214372,0.6
0.2347078103546573,0.039739448577165604,0.17094072710961006,0.61
0.24063264780425964,0.04200989753007889,0.17124428580020737,0.65
0.2487288260027484,0.04243834316730499,0.17180330298924684,0.66
0.2525111252159113,0.04268833249807358,0.17266968751087441,0.67
0.25574572646392657,0.042696285992860794,0.17258876595141,0.69
0.2555043854933459,0.042849279940128326,0.1727193886032489,0.71
0.25514014214368214,0.043509192764759064,0.17277190099896952,0.72
0.25855230978495536,0.04570899158716202,0.1742196054726731,0.73
0.2627603577324557,0.045934807509183884,0.17393513071042038,0.74
0.2680086808791982,0.04650062695145607,0.17515173527532232,0.75
0.2690568401652858,0.04667935520410538,0.1749952463606095,0.76
0.27296150913505257,0.046637021005153656,0.17529365386025808,0.77
0.2755719529335833,0.04669101536273956,0.17464270959915218,0.79
0.27850311703311326,0.04625286906957626,0.17487379958870916,0.82
0.27866496695710957,0.046252600848674774,0.1745375868015411,0.84
0.27877117324644834,0.0462556891143322,0.174146728381925,0.87
0.27938728110265565,0.04648595303297043,0.17359734005010524,0.89
0.2801661042547173,0.04665854573249817,0.17359197046756558,0.9
0.28052376722118044,0.047116465866565704,0.17347053056395964,0.9
0.28113347761720736,0.04830072075128555,0.1736196788715466,0.9
0.28209952346990413,0.0486544594168663,0.1748218390272435,0.9
0.28287554776026846,0.048661019653081894,0.17574934900103026,0.9
0.2829407744974622,0.04858876019716263,0.1758744446486244,0.9
0.2835012304083277,0.04857723042368889,0.1757725144157805,0.9
0.28262306238810925,0.04834381118416786,0.17589347490087892,0.9
0.2817459208883228,0.04566565155982971,0.1754264250385926,0.9
0.28232461140505277,0.045162446796894073,0.17539603749005303,0.9
0.28201539242459633,0.045126959681510925,0.17302707719726504,0.9
0.2831066678828046,0.045741524547338486,0.1718829775799296,0.9
0.28523014396179464,0.04691360890865326,0.1767930292961652,0.9
0.283857778477778,0.047063544392585754,0.17831838472807338,0.9
0.2836975965017631,0.04702651873230934,0.17726836231284224,0.9
0.2833186738108675,0.04702409356832504,0.1772777162554702,0.9
0.2842948740334591,0.04898621886968613,0.17659629007433492,0.9
0.28041623424594103,0.053224943578243256,0.17498731628086733,0.9
0.2846431227130634,0.05599156767129898,0.17362385367932762,0.9
0.2863233789849683,0.06038147211074829,0.17795084189232918,0.9
0.28797650323472324,0.061605535447597504,0.1740516496528741,0.9
0.28501010673075977,0.06797520071268082,0.17277443654453162,0.9
0.28270908251532195,0.0764702558517456,0.16982369809688386,0.9
0.2810759683697076,0.07871083170175552,0.17249870931630434,0.9
0.28406248626459973,0.07986888289451599,0.1745758784217773,0.9
0.2806588166291852,0.08247818797826767,0.17392777812406568,0.9
0.2806727627616094,0.0836072638630867,0.17148404717313032,0.9
0.2788008233803825,0.08421745896339417,0.1713792425668389,0.9
0.2797152764813661,0.08472059667110443,0.17375314970618716,0.9
0.2798457990289531,0.08253500610589981,0.17875327200871474,0.9
0.28127793041106675,0.08120430260896683,0.17726386994140775,0.9
0.2813710460605983,0.07713045179843903,0.1777103457098587,0.9
0.27962468903298077,0.0767984613776207,0.1760113962067366,0.9
0.2801371613233851,0.07685326039791107,0.1776153730910723,0.9
0.28082938278631653,0.07658205181360245,0.17575942169483152,0.9
0.2800526564011426,0.07481124997138977,0.17798743930073033,0.9
0.2786943002286189,0.07359425723552704,0.1790417738309283,0.9
0.27986363369159356,0.07013674080371857,0.17637072752547503,0.9
0.2776630234354591,0.06712935864925385,0.17681479947516532,0.9
0.27708120490969596,0.0659882202744484,0.17153773383173435,0.9
0.2761945214564846,0.060601942241191864,0.17927396797201878,0.9
0.2801417969541834,0.06027372553944588,0.1801062951234965,0.9
0.2797399170907355,0.058315761387348175,0.17571601826196415,0.9
0.27237175829084614,0.057979363948106766,0.17320614700101827,0.9
0.2749979672535202,0.0518423430621624,0.17530791592629447,0.9
0.2748516052361954,0.0468568429350853,0.1753119131154614,0.9
0.2695112084428889,0.04180799424648285,0.17196282926843814,0.9
0.26739305958000287,0.04074200615286827,0.1691016097511652,0.9
0.26748737279571083,0.037305548787117004,0.16917788203746087,0.9
0.26658308520909385,0.035670217126607895,0.1697804598074685,0.9
0.2643684779219113,0.035669244825839996,0.16726256076046297,0.9
0.26858059767573733,0.0323176383972168,0.1692172910814055,0.9
0.2676998477968057,0.03005249798297882,0.16862087103086357,0.9
0.26749478040501784,0.02927756868302822,0.16731720806724865,0.9
0.265772450656533,0.029116392135620117,0.1667551517034498,0.9
0.26425697184171165,0.029188796877861023,0.16580954896165134,0.9
0.2634775101572746,0.02915850840508938,0.16637682863614076,0.9
0.26213988814227596,0.0291774682700634,0.16541329276273226,0.9
0.2622782053528281,0.02920445241034031,0.16532124741043794,0.9
0.2623537836828378,0.029206475242972374,0.16505421641330484,0.9
0.2621774210662802,0.029218226671218872,0.16505349495941915,0.9
0.26206138995902034,0.02922401949763298,0.1650781172488861,0.9
0.260625081193545,0.029490971937775612,0.16466518684537018,0.9
0.26362108291252956,0.03817134350538254,0.16498274486256093,0.9
0.26805954401040133,0.04209708794951439,0.16753216260211165,0.9
0.2660248545998993,0.04321744292974472,0.16716099189422276,0.9
0.26566443212101554,0.04329627752304077,0.16738142541694762,0.9
0.2659891260179059,0.04322444275021553,0.16691403532892862,0.9
0.2652836935066001,0.04308304935693741,0.17030146991360934,0.9
0.26561772726577576,0.04338812828063965,0.17136597199307735,0.9
0.26258953157820364,0.05016114562749863,0.17937010932119693,0.9
0.2710162223010238,0.06220061331987381,0.19048919867261127,0.9
0.295636263490206,0.07677599787712097,0.20739624809590482,0.9
0.31747208325389126,0.08537356555461884,0.22575309927622944,0.9
0.3295312802977315,0.09391427040100098,0.23859554632366606,0.9
0.3423252625714668,0.09109286963939667,0.24541387709111903,0.9
0.355188966536402,0.09082260727882385,0.25109189002262233,0.9
0.36299857192129587,0.09035475552082062,0.2549664517957702,0.9
0.37413911850227005,0.08762704581022263,0.2575496756784513,0.9
0.3852453292022209,0.08558143675327301,0.2609331730079408,0.9
0.39151672066911736,0.08453557640314102,0.26452814027816235,0.9
0.39166150346910533,0.08449627459049225,0.2679582780165772,0.9
0.39474311306229776,0.0844658762216568,0.27267401594201285,0.9
0.39414538420853923,0.0831615999341011,0.27499666356560704,0.9
0.39170755404942675,0.08292365074157715,0.2746852775576413,0.9
0.39004078764769073,0.08401476591825485,0.2738317267920628,0.9
0.3645142359028639,0.08234894275665283,0.25663893297034207,0.9
0.3316398427255017,0.07878522574901581,0.2364696952487954,0.9
0.3089209652181199,0.07485037297010422,0.21522417872965358,0.9
0.2814207349739255,0.06726688146591187,0.197083302486397,0.9
0.24923791248341348,0.05332187935709953,0.1744547563620042,0.9
0.22432383188082258,0.036582592874765396,0.16185226861644697,0.9
0.19236566424492546,0.021232686936855316,0.1377611778267354,0.9
0.1725944960951496,0.01661555841565132,0.12063689594720087,0.9
0.15561582187878045,0.014270077459514141,0.10700285966345771,0.9
0.150640650463097,0.014207805506885052,0.09904254121697981,0.9
0.14139848751138134,0.00901590846478939,0.09078802663358373,0.9
0.13335435105653792,0.006354867480695248,0.0853261933835207,0.9
0.12678544949220938,0.006567916367202997,0.08065509951830452,0.9
0.12162821600881533,0.006057091988623142,0.07701966542566617,0.9
0.11846460475722717,0.006330395583063364,0.07311954154509478,0.9
0.1134869816146599,0.006027839612215757,0.07214935924437636,0.9
0.11485994401556832,0.006003287620842457,0.07161836058715866,0.9
0.11821786174725679,0.006023272406309843,0.07233605275031672,0.9
0.12007896231172253,0.00531610194593668,0.076565080448424,0.9
0.12431105743146795,0.00503064040094614,0.08184025735872134,0.9
0.12886997128848693,0.00440013175830245,0.08883104627861713,0.9
0.1479608999377787,0.006371060851961374,0.1029195534724456,0.9
0.16649451300306098,0.009079002775251865,0.1156897840781096,0.9
0.19440026576741642,0.008890927769243717,0.12887128376599438,0.9
0.20809222170755873,0.00707057723775506,0.1364343007097587,0.9
0.2353901773524827,-0.001970814075320959,0.15349546581185644,0.9
0.2503507587344543,-0.003793035401031375,0.16601511534700983,0.9
0.2668566729812878,0.003935458138585091,0.17495037646769904,0.9
0.2779252410897161,0.01870616152882576,0.1919241722895765,0.9
0.29479067984146556,0.030781561508774757,0.19678715689576518,0.9
0.3038381515987472,0.03013811632990837,0.20349352870474824,0.9
0.31450317053526833,0.036506958305835724,0.20232700313742985,0.9
0.3206467571193912,0.03492414578795433,0.20313129585498782,0.9
0.309727546530238,0.03378334268927574,0.2036814131559083,0.9
0.31774487743348306,0.037022728472948074,0.19975118340439685,0.9
0.3117546566921624,0.03677697852253914,0.1962353295900986,0.9
0.3049461652722215,0.03825381398200989,0.20053442461575963,0.9
0.2973645053198287,0.047415703535079956,0.19662698472682605,0.9
0.2866951440973543,0.049688924103975296,0.19897976633018333,0.9
0.2911431099495607,0.04934041574597359,0.19827448395380953,0.9
0.30012024058714404,0.05342580005526543,0.19942950089372175,0.9
0.3030658797667437,0.0540878064930439,0.20074277819897096,0.9
0.30893836907799643,0.05472700670361519,0.20320627305947522,0.9
0.3117353633272624,0.05443497747182846,0.20861802889015416,0.9
0.3151370682603552,0.05432789772748947,0.2132951776490385,0.9
0.3238234001309532,0.0554884672164917,0.2219415990245983,0.9
0.3274932041740469,0.055077265948057175,0.22377763831388128,0.9
0.337047677685829,0.05786725878715515,0.2261313838200604,0.9
0.35700594118957946,0.05367782711982727,0.22285383748098683,0.9
0.3642329455795462,0.05370967835187912,0.2211101835569087,0.9
0.366337259030012,0.05102746933698654,0.21619595937936292,0.9
0.3672509116296294,0.04503326863050461,0.2152148214146628,0.9
0.3643394640297862,0.044776737689971924,0.21336334422034514,0.9
0.36537661034932395,0.04433761164546013,0.2101907997565875,0.9
0.3631653696714761,0.04237453639507294,0.20890746160903212,0.9
0.36214715086470517,0.042481325566768646,0.2088593076399429,0.9
0.36571521480888647,0.04209183156490326,0.20778052953807957,0.9
0.3653355447841719,0.038305677473545074,0.20733191031171755,0.9
0.36493871621997215,0.03746127337217331,0.20683007293733152,0.9
0.3656135359568732,0.03926876559853554,0.20703351929168912,0.9
0.36503456652726973,0.03814922273159027,0.20666485543937266,0.9
0.3646073218844456,0.03816729038953781,0.2054781635016023,0.9
0.36391376268729625,0.03574881702661514,0.20530937161290372,0.9
0.3650929602536718,0.03587092086672783,0.20403898803264203,0.9
0.3660902558878928,0.03589683026075363,0.203719506917256,0.9
0.36468282213944175,0.03518912196159363,0.20293389564371447,0.9
0.3624821423239103,0.03514998033642769,0.20235229943749206,0.9
0.36097973408879963,0.03487902134656906,0.20136690177966252,0.9
0.3592377980397908,0.03423447161912918,0.2013907364440055,0.9
0.3574704047888183,0.034241534769535065,0.20212861002854057,0.9
0.3572581811808635,0.03712356090545654,0.20189937458450669,0.9
0.3602831092488763,0.031115233898162842,0.20474710203128027,0.9
0.35752022719133697,0.026990005746483803,0.20468307173671937,0.9
0.35582819446749764,0.025514166802167892,0.20157899181009897,0.9
0.35193180264238866,0.024551421403884888,0.19869050442198657,0.9
0.3502058878840157,0.02339109405875206,0.19806481145485763,0.9
0.34878590057601516,0.02341802604496479,0.19773222904037369,0.9
0.34683698952846614,0.023673327639698982,0.19797505929902046,0.9
0.34482045319361604,0.023661963641643524,0.1973569011340953,0.9
0.340068821461456,0.02362203039228916,0.19709485346211422,0.9
0.3398941526283613,0.023064032196998596,0.19665061172911422,0.9
0.34013386055905964,0.019889583811163902,0.19467815140386863,0.9
0.34071996848481884,0.018810288980603218,0.19188011038158423,0.9
0.34001890387340794,0.01877637952566147,0.1894645237066429,0.9
0.33989194962065467,0.017420493066310883,0.18948830069689312,0.9
0.34000195789376436,0.017377499490976334,0.18895204967610985,0.9
0.3401950449560439,0.01701899617910385,0.18741116965372784,0.9
0.3410050856130323,0.01725105382502079,0.18692976804444322,0.9
0.3408473082767648,0.017249463126063347,0.18806760336665337,0.9
0.3401289922414033,0.017001736909151077,0.18844072248316163,0.9
0.33562802173264583,0.01801464334130287,0.18868350151462224,0.9
0.3311143943371457,0.014726072549819946,0.1848166529860645,0.9
0.3288947576494532,0.011072853580117226,0.18658278924894556,0.9
0.3271250950108104,0.010096561163663864,0.1814793588101893,0.9
0.3244864522032777,0.007952901534736156,0.18164058072970493,0.9
0.3224950890341319,0.008076992817223072,0.17966863960471435,0.9
0.32280041595999104,0.00834396667778492,0.18068981498323114,0.9
0.3224896430362417,0.009816350415349007,0.1812941497820576,0.9
0.3203121505133047,0.011426592245697975,0.18074083065368612,0.9
0.3190355654611963,0.011287515051662922,0.18142627438158168,0.9
0.3176435656548034,0.011296739801764488,0.18075203800505407,0.9
0.316773614733805,0.013400164432823658,0.18007357277725897,0.9
0.3167272126342365,0.014108620584011078,0.18018367620339001,0.9
0.3162316392579715,0.01504441536962986,0.18066334247724833,0.9
0.31684689751632006,0.015980156138539314,0.18073341221509764,0.9
0.31672027289026433,0.016216272488236427,0.18117254191279983,0.91
0.31643516054243487,0.016975486651062965,0.1815659770343418,0.95
0.3150450577774159,0.017128584906458855,0.18469721048008436,1
0.3144364515103983,0.017551427707076073,0.18316264575906183,1
0.3142775068199484,0.017883282154798508,0.18431514226652002,1
0.3139870140478698,0.017710790038108826,0.1830852079127832,1
0.3121325009971527,0.017274396494030952,0.18157662337279312,1
0.3115600438062764,0.015809062868356705,0.1816034120843798,1
0.30988943740734537,0.015320613980293274,0.17970879623717764,1
0.30819039322740954,0.014210375025868416,0.17963562370128677,1
0.30734807014818233,0.013654383830726147,0.17805451149165494,1
0.3030386986678223,0.013688765466213226,0.17587492393230617,1
0.30208045977917986,0.013924961909651756,0.17699551823552975,1
0.3040609242875928,0.013708459213376045,0.1790498534508641,1
0.3048181816703311,0.012217050418257713,0.17845187666329215,1
0.3081943048059918,0.01222914643585682,0.18048717374289053,1
0.3078150817686996,0.013053146190941334,0.17984296141403866,1
0.3073323183597173,0.013416504487395287,0.18006609302599064,1
0.30986013397752593,0.015769988298416138,0.17805142650507805,1
0.3124400993441887,0.01589066907763481,0.1806662478570866,1
0.31098549461807024,0.0191945880651474,0.18327567031562508,1
0.31260909724750763,0.01992969587445259,0.18182830085975196,1
0.31005490213428455,0.020397644490003586,0.18189912002062755,1
0.3028324215813786,0.02061721868813038,0.17454277797432202,1
0.2949667929984812,0.022250574082136154,0.1709546341279401,1
0.268483166484945,0.02366316132247448,0.1668525787025332,1
0.2426152003488575,0.026719391345977783,0.152588572678803,1
0.2119247856550334,0.026817232370376587,0.13116745367933033,1
0.17197481406686854,0.018664605915546417,0.10441489274752164,1
0.1660716981106577,0.018194790929555893,0.09811067019142294,1
0.15019173626478588,0.017518341541290283,0.08504656530978182,1
0.14420254036254973,0.01588795706629753,0.08104575279112192,1
0.13920750220658282,0.013416285626590252,0.07532239124102276,1
0.13404628888808937,0.010718180797994137,0.0740492490351861,1
0.13172624580067743,0.01007326040416956,0.07395468917834737,1
0.1312393855929574,0.010372993536293507,0.07364214091707787,1
0.1383656443459768,0.012995287775993347,0.07685997940121267,1
0.14908506065745397,0.016247211024165154,0.08827026458083755,1
0.15718311410993643,0.019791632890701294,0.0974421352353404,1
0.16676765915587632,0.02324998378753662,0.1191032988791005,1
0.1815052750362493,0.0332714319229126,0.1316595706289804,1
0.19398346784203213,0.03859139606356621,0.15462607193829359,1
0.22994158317161606,0.06092877313494682,0.157809461515019,1
0.2561106466768582,0.08185823261737823,0.16491649206680453,1
0.2654224926004005,0.08173228800296783,0.17158577905288783,1
0.2779589152805868,0.0767391249537468,0.17792570636690508,1
0.28352804021057404,0.07385772466659546,0.1804124121852357,1
0.2846313064240545,0.07408212125301361,0.182532515874783,1
0.2875197541473649,0.07146839797496796,0.18408263909969388,1
0.2862430448978552,0.060754310339689255,0.18239168177585277,1
0.28661472434854285,0.047401607036590576,0.1767806083038065,1
0.2822455296161783,0.04173431172966957,0.16805455843722936,1
0.27216328886972463,0.03557940945029259,0.16391932586986352,1
0.2644148134076565,0.034069981426000595,0.15608548308376227,1
0.2543868976306082,0.034541837871074677,0.15001353859658964,1
0.24319792434027865,0.03486543148756027,0.14741828134175566,1
0.24021474568207846,0.03435336798429489,0.14158754329473205,1
0.23771097363634125,0.03441522270441055,0.14065613734325222,1
0.23569107127789182,0.034275494515895844,0.13867938357360188,1
0.23664188320333784,0.03400903940200806,0.13838034845523445,1
0.23475442495278911,0.031041720882058144,0.13897009087347142,1
0.22831015608932836,0.02786855772137642,0.1380072800284664,1
0.22479173261622534,0.022483857348561287,0.13610006634363866,1
0.22351467947586748,0.015797074884176254,0.13137001352684494,1
0.22073046694011017,0.01298241876065731,0.12914682338904615,1
0.2234566761361034,0.013720695860683918,0.13020996473882224,1
0.2200556026327898,0.015628155320882797,0.12904207151581912,1
0.21706814527257537,0.02025219053030014,0.13080337361573208,1
0.21447353288995558,0.0280174370855093,0.13717764245485017,1
0.22005576092837903,0.03443426266312599,0.1399370639016911,1
0.22586184638974238,0.03867083415389061,0.14196168801320275,1
0.22862472354669175,0.04006428271532059,0.14130057518038397,1
0.23512999089777561,0.04177992790937424,0.1418800850705927,1
0.24260365992175387,0.04535564407706261,0.14769496425264117,1
0.24633169988675707,0.04601062461733818,0.14983221427870233,1
0.2556704615464136,0.04626522213220596,0.15527423432940143,1
0.2689167973357016,0.04599504917860031,0.16154870500617993,1
0.2735852940578675,0.044685833156108856,0.16530520218719638,1
0.28858985414639654,0.03803146257996559,0.1700087106859564,1
0.29108199313930644,0.03789643198251724,0.17115017374805438,1
0.28990142799552754,0.03758970648050308,0.17396264972914996,1
0.290163149930131,0.038215331733226776,0.17315363705028944,1
0.28769683387042966,0.03902415186166763,0.17170599114003882,1
0.285823745519901,0.03907596692442894,0.1698147416620187,1
0.28414745881914805,0.03898782283067703,0.16952556173686945,1
0.2800196096601661,0.03901195526123047,0.16726067487210924,1
0.27911400643119344,0.03907226771116257,0.16639484604289786,1
0.27823751654850554,0.0395171195268631,0.16606895303381028,1
0.27735428733664236,0.040573932230472565,0.1659658530944714,1
0.2772074370869124,0.040555596351623535,0.16578354952401728,1
0.27727786959682604,0.04065775126218796,0.16636579336839297,1
0.2774604389351174,0.04134732857346535,0.1667365432177772,1
0.2776149291725117,0.04139599949121475,0.1671040073406575,1
0.2783111420097367,0.04180124029517174,0.1673269209893681,1
0.2784975965776201,0.04242226853966713,0.16743515434112602,1
0.27834002039032824,0.04247542470693588,0.16761606072793217,1
0.2781982500448078,0.04280299320816994,0.16775248133314113,1
